image1,image2
./imgs/airplane.bmp,./imgs/airplane.gif
./imgs/airplane.bmp,./imgs/airplane.jpg
./imgs/airplane.bmp,./imgs/airplane.png
./imgs/airplane.bmp,./imgs/arctichare.bmp
./imgs/airplane.bmp,./imgs/arctichare.gif
./imgs/airplane.bmp,./imgs/arctichare.jpg
./imgs/airplane.bmp,./imgs/arctichare.png
./imgs/airplane.bmp,./imgs/baboon.bmp
./imgs/airplane.bmp,./imgs/baboon.gif
./imgs/airplane.bmp,./imgs/baboon.jpg
./imgs/airplane.bmp,./imgs/baboon.png
./imgs/airplane.bmp,./imgs/boat.bmp
./imgs/airplane.bmp,./imgs/boat.gif
./imgs/airplane.bmp,./imgs/boat.jpg
./imgs/airplane.bmp,./imgs/boat.png
./imgs/airplane.bmp,./imgs/cat.bmp
./imgs/airplane.bmp,./imgs/cat.gif
./imgs/airplane.bmp,./imgs/cat.jpg
./imgs/airplane.bmp,./imgs/cat.png
./imgs/airplane.bmp,./imgs/fruits.bmp
./imgs/airplane.bmp,./imgs/fruits.gif
./imgs/airplane.bmp,./imgs/fruits.jpg
./imgs/airplane.bmp,./imgs/fruits.png
./imgs/airplane.bmp,./imgs/frymire.bmp
./imgs/airplane.bmp,./imgs/frymire.gif
./imgs/airplane.bmp,./imgs/frymire.jpg
./imgs/airplane.bmp,./imgs/frymire.png
./imgs/airplane.bmp,./imgs/girl.bmp
./imgs/airplane.bmp,./imgs/girl.gif
./imgs/airplane.bmp,./imgs/girl.jpg
./imgs/airplane.bmp,./imgs/girl.png
./imgs/airplane.bmp,./imgs/goldhill.bmp
./imgs/airplane.bmp,./imgs/goldhill.gif
./imgs/airplane.bmp,./imgs/goldhill.jpg
./imgs/airplane.bmp,./imgs/goldhill.png
./imgs/airplane.bmp,./imgs/lena.bmp
./imgs/airplane.bmp,./imgs/lena.gif
./imgs/airplane.bmp,./imgs/lena.jpg
./imgs/airplane.bmp,./imgs/lena.png
./imgs/airplane.bmp,./imgs/monarch.bmp
./imgs/airplane.bmp,./imgs/monarch.gif
./imgs/airplane.bmp,./imgs/monarch.jpg
./imgs/airplane.bmp,./imgs/monarch.png
./imgs/airplane.bmp,./imgs/peppers.bmp
./imgs/airplane.bmp,./imgs/peppers.gif
./imgs/airplane.bmp,./imgs/peppers.jpg
./imgs/airplane.bmp,./imgs/peppers.png
./imgs/airplane.gif,./imgs/airplane.bmp
./imgs/airplane.gif,./imgs/airplane.jpg
./imgs/airplane.gif,./imgs/airplane.png
./imgs/airplane.gif,./imgs/arctichare.bmp
./imgs/airplane.gif,./imgs/arctichare.gif
./imgs/airplane.gif,./imgs/arctichare.jpg
./imgs/airplane.gif,./imgs/arctichare.png
./imgs/airplane.gif,./imgs/baboon.bmp
./imgs/airplane.gif,./imgs/baboon.gif
./imgs/airplane.gif,./imgs/baboon.jpg
./imgs/airplane.gif,./imgs/baboon.png
./imgs/airplane.gif,./imgs/boat.bmp
./imgs/airplane.gif,./imgs/boat.gif
./imgs/airplane.gif,./imgs/boat.jpg
./imgs/airplane.gif,./imgs/boat.png
./imgs/airplane.gif,./imgs/cat.bmp
./imgs/airplane.gif,./imgs/cat.gif
./imgs/airplane.gif,./imgs/cat.jpg
./imgs/airplane.gif,./imgs/cat.png
./imgs/airplane.gif,./imgs/fruits.bmp
./imgs/airplane.gif,./imgs/fruits.gif
./imgs/airplane.gif,./imgs/fruits.jpg
./imgs/airplane.gif,./imgs/fruits.png
./imgs/airplane.gif,./imgs/frymire.bmp
./imgs/airplane.gif,./imgs/frymire.gif
./imgs/airplane.gif,./imgs/frymire.jpg
./imgs/airplane.gif,./imgs/frymire.png
./imgs/airplane.gif,./imgs/girl.bmp
./imgs/airplane.gif,./imgs/girl.gif
./imgs/airplane.gif,./imgs/girl.jpg
./imgs/airplane.gif,./imgs/girl.png
./imgs/airplane.gif,./imgs/goldhill.bmp
./imgs/airplane.gif,./imgs/goldhill.gif
./imgs/airplane.gif,./imgs/goldhill.jpg
./imgs/airplane.gif,./imgs/goldhill.png
./imgs/airplane.gif,./imgs/lena.bmp
./imgs/airplane.gif,./imgs/lena.gif
./imgs/airplane.gif,./imgs/lena.jpg
./imgs/airplane.gif,./imgs/lena.png
./imgs/airplane.gif,./imgs/monarch.bmp
./imgs/airplane.gif,./imgs/monarch.gif
./imgs/airplane.gif,./imgs/monarch.jpg
./imgs/airplane.gif,./imgs/monarch.png
./imgs/airplane.gif,./imgs/peppers.bmp
./imgs/airplane.gif,./imgs/peppers.gif
./imgs/airplane.gif,./imgs/peppers.jpg
./imgs/airplane.gif,./imgs/peppers.png
./imgs/airplane.jpg,./imgs/airplane.bmp
./imgs/airplane.jpg,./imgs/airplane.gif
./imgs/airplane.jpg,./imgs/airplane.png
./imgs/airplane.jpg,./imgs/arctichare.bmp
./imgs/airplane.jpg,./imgs/arctichare.gif
./imgs/airplane.jpg,./imgs/arctichare.jpg
./imgs/airplane.jpg,./imgs/arctichare.png
./imgs/airplane.jpg,./imgs/baboon.bmp
./imgs/airplane.jpg,./imgs/baboon.gif
./imgs/airplane.jpg,./imgs/baboon.jpg
./imgs/airplane.jpg,./imgs/baboon.png
./imgs/airplane.jpg,./imgs/boat.bmp
./imgs/airplane.jpg,./imgs/boat.gif
./imgs/airplane.jpg,./imgs/boat.jpg
./imgs/airplane.jpg,./imgs/boat.png
./imgs/airplane.jpg,./imgs/cat.bmp
./imgs/airplane.jpg,./imgs/cat.gif
./imgs/airplane.jpg,./imgs/cat.jpg
./imgs/airplane.jpg,./imgs/cat.png
./imgs/airplane.jpg,./imgs/fruits.bmp
./imgs/airplane.jpg,./imgs/fruits.gif
./imgs/airplane.jpg,./imgs/fruits.jpg
./imgs/airplane.jpg,./imgs/fruits.png
./imgs/airplane.jpg,./imgs/frymire.bmp
./imgs/airplane.jpg,./imgs/frymire.gif
./imgs/airplane.jpg,./imgs/frymire.jpg
./imgs/airplane.jpg,./imgs/frymire.png
./imgs/airplane.jpg,./imgs/girl.bmp
./imgs/airplane.jpg,./imgs/girl.gif
./imgs/airplane.jpg,./imgs/girl.jpg
./imgs/airplane.jpg,./imgs/girl.png
./imgs/airplane.jpg,./imgs/goldhill.bmp
./imgs/airplane.jpg,./imgs/goldhill.gif
./imgs/airplane.jpg,./imgs/goldhill.jpg
./imgs/airplane.jpg,./imgs/goldhill.png
./imgs/airplane.jpg,./imgs/lena.bmp
./imgs/airplane.jpg,./imgs/lena.gif
./imgs/airplane.jpg,./imgs/lena.jpg
./imgs/airplane.jpg,./imgs/lena.png
./imgs/airplane.jpg,./imgs/monarch.bmp
./imgs/airplane.jpg,./imgs/monarch.gif
./imgs/airplane.jpg,./imgs/monarch.jpg
./imgs/airplane.jpg,./imgs/monarch.png
./imgs/airplane.jpg,./imgs/peppers.bmp
./imgs/airplane.jpg,./imgs/peppers.gif
./imgs/airplane.jpg,./imgs/peppers.jpg
./imgs/airplane.jpg,./imgs/peppers.png
./imgs/airplane.png,./imgs/airplane.bmp
./imgs/airplane.png,./imgs/airplane.gif
./imgs/airplane.png,./imgs/airplane.jpg
./imgs/airplane.png,./imgs/arctichare.bmp
./imgs/airplane.png,./imgs/arctichare.gif
./imgs/airplane.png,./imgs/arctichare.jpg
./imgs/airplane.png,./imgs/arctichare.png
./imgs/airplane.png,./imgs/baboon.bmp
./imgs/airplane.png,./imgs/baboon.gif
./imgs/airplane.png,./imgs/baboon.jpg
./imgs/airplane.png,./imgs/baboon.png
./imgs/airplane.png,./imgs/boat.bmp
./imgs/airplane.png,./imgs/boat.gif
./imgs/airplane.png,./imgs/boat.jpg
./imgs/airplane.png,./imgs/boat.png
./imgs/airplane.png,./imgs/cat.bmp
./imgs/airplane.png,./imgs/cat.gif
./imgs/airplane.png,./imgs/cat.jpg
./imgs/airplane.png,./imgs/cat.png
./imgs/airplane.png,./imgs/fruits.bmp
./imgs/airplane.png,./imgs/fruits.gif
./imgs/airplane.png,./imgs/fruits.jpg
./imgs/airplane.png,./imgs/fruits.png
./imgs/airplane.png,./imgs/frymire.bmp
./imgs/airplane.png,./imgs/frymire.gif
./imgs/airplane.png,./imgs/frymire.jpg
./imgs/airplane.png,./imgs/frymire.png
./imgs/airplane.png,./imgs/girl.bmp
./imgs/airplane.png,./imgs/girl.gif
./imgs/airplane.png,./imgs/girl.jpg
./imgs/airplane.png,./imgs/girl.png
./imgs/airplane.png,./imgs/goldhill.bmp
./imgs/airplane.png,./imgs/goldhill.gif
./imgs/airplane.png,./imgs/goldhill.jpg
./imgs/airplane.png,./imgs/goldhill.png
./imgs/airplane.png,./imgs/lena.bmp
./imgs/airplane.png,./imgs/lena.gif
./imgs/airplane.png,./imgs/lena.jpg
./imgs/airplane.png,./imgs/lena.png
./imgs/airplane.png,./imgs/monarch.bmp
./imgs/airplane.png,./imgs/monarch.gif
./imgs/airplane.png,./imgs/monarch.jpg
./imgs/airplane.png,./imgs/monarch.png
./imgs/airplane.png,./imgs/peppers.bmp
./imgs/airplane.png,./imgs/peppers.gif
./imgs/airplane.png,./imgs/peppers.jpg
./imgs/airplane.png,./imgs/peppers.png
./imgs/arctichare.bmp,./imgs/airplane.bmp
./imgs/arctichare.bmp,./imgs/airplane.gif
./imgs/arctichare.bmp,./imgs/airplane.jpg
./imgs/arctichare.bmp,./imgs/airplane.png
./imgs/arctichare.bmp,./imgs/arctichare.gif
./imgs/arctichare.bmp,./imgs/arctichare.jpg
./imgs/arctichare.bmp,./imgs/arctichare.png
./imgs/arctichare.bmp,./imgs/baboon.bmp
./imgs/arctichare.bmp,./imgs/baboon.gif
./imgs/arctichare.bmp,./imgs/baboon.jpg
./imgs/arctichare.bmp,./imgs/baboon.png
./imgs/arctichare.bmp,./imgs/boat.bmp
./imgs/arctichare.bmp,./imgs/boat.gif
./imgs/arctichare.bmp,./imgs/boat.jpg
./imgs/arctichare.bmp,./imgs/boat.png
./imgs/arctichare.bmp,./imgs/cat.bmp
./imgs/arctichare.bmp,./imgs/cat.gif
./imgs/arctichare.bmp,./imgs/cat.jpg
./imgs/arctichare.bmp,./imgs/cat.png
./imgs/arctichare.bmp,./imgs/fruits.bmp
./imgs/arctichare.bmp,./imgs/fruits.gif
./imgs/arctichare.bmp,./imgs/fruits.jpg
./imgs/arctichare.bmp,./imgs/fruits.png
./imgs/arctichare.bmp,./imgs/frymire.bmp
./imgs/arctichare.bmp,./imgs/frymire.gif
./imgs/arctichare.bmp,./imgs/frymire.jpg
./imgs/arctichare.bmp,./imgs/frymire.png
./imgs/arctichare.bmp,./imgs/girl.bmp
./imgs/arctichare.bmp,./imgs/girl.gif
./imgs/arctichare.bmp,./imgs/girl.jpg
./imgs/arctichare.bmp,./imgs/girl.png
./imgs/arctichare.bmp,./imgs/goldhill.bmp
./imgs/arctichare.bmp,./imgs/goldhill.gif
./imgs/arctichare.bmp,./imgs/goldhill.jpg
./imgs/arctichare.bmp,./imgs/goldhill.png
./imgs/arctichare.bmp,./imgs/lena.bmp
./imgs/arctichare.bmp,./imgs/lena.gif
./imgs/arctichare.bmp,./imgs/lena.jpg
./imgs/arctichare.bmp,./imgs/lena.png
./imgs/arctichare.bmp,./imgs/monarch.bmp
./imgs/arctichare.bmp,./imgs/monarch.gif
./imgs/arctichare.bmp,./imgs/monarch.jpg
./imgs/arctichare.bmp,./imgs/monarch.png
./imgs/arctichare.bmp,./imgs/peppers.bmp
./imgs/arctichare.bmp,./imgs/peppers.gif
./imgs/arctichare.bmp,./imgs/peppers.jpg
./imgs/arctichare.bmp,./imgs/peppers.png
./imgs/arctichare.gif,./imgs/airplane.bmp
./imgs/arctichare.gif,./imgs/airplane.gif
./imgs/arctichare.gif,./imgs/airplane.jpg
./imgs/arctichare.gif,./imgs/airplane.png
./imgs/arctichare.gif,./imgs/arctichare.bmp
./imgs/arctichare.gif,./imgs/arctichare.jpg
./imgs/arctichare.gif,./imgs/arctichare.png
./imgs/arctichare.gif,./imgs/baboon.bmp
./imgs/arctichare.gif,./imgs/baboon.gif
./imgs/arctichare.gif,./imgs/baboon.jpg
./imgs/arctichare.gif,./imgs/baboon.png
./imgs/arctichare.gif,./imgs/boat.bmp
./imgs/arctichare.gif,./imgs/boat.gif
./imgs/arctichare.gif,./imgs/boat.jpg
./imgs/arctichare.gif,./imgs/boat.png
./imgs/arctichare.gif,./imgs/cat.bmp
./imgs/arctichare.gif,./imgs/cat.gif
./imgs/arctichare.gif,./imgs/cat.jpg
./imgs/arctichare.gif,./imgs/cat.png
./imgs/arctichare.gif,./imgs/fruits.bmp
./imgs/arctichare.gif,./imgs/fruits.gif
./imgs/arctichare.gif,./imgs/fruits.jpg
./imgs/arctichare.gif,./imgs/fruits.png
./imgs/arctichare.gif,./imgs/frymire.bmp
./imgs/arctichare.gif,./imgs/frymire.gif
./imgs/arctichare.gif,./imgs/frymire.jpg
./imgs/arctichare.gif,./imgs/frymire.png
./imgs/arctichare.gif,./imgs/girl.bmp
./imgs/arctichare.gif,./imgs/girl.gif
./imgs/arctichare.gif,./imgs/girl.jpg
./imgs/arctichare.gif,./imgs/girl.png
./imgs/arctichare.gif,./imgs/goldhill.bmp
./imgs/arctichare.gif,./imgs/goldhill.gif
./imgs/arctichare.gif,./imgs/goldhill.jpg
./imgs/arctichare.gif,./imgs/goldhill.png
./imgs/arctichare.gif,./imgs/lena.bmp
./imgs/arctichare.gif,./imgs/lena.gif
./imgs/arctichare.gif,./imgs/lena.jpg
./imgs/arctichare.gif,./imgs/lena.png
./imgs/arctichare.gif,./imgs/monarch.bmp
./imgs/arctichare.gif,./imgs/monarch.gif
./imgs/arctichare.gif,./imgs/monarch.jpg
./imgs/arctichare.gif,./imgs/monarch.png
./imgs/arctichare.gif,./imgs/peppers.bmp
./imgs/arctichare.gif,./imgs/peppers.gif
./imgs/arctichare.gif,./imgs/peppers.jpg
./imgs/arctichare.gif,./imgs/peppers.png
./imgs/arctichare.jpg,./imgs/airplane.bmp
./imgs/arctichare.jpg,./imgs/airplane.gif
./imgs/arctichare.jpg,./imgs/airplane.jpg
./imgs/arctichare.jpg,./imgs/airplane.png
./imgs/arctichare.jpg,./imgs/arctichare.bmp
./imgs/arctichare.jpg,./imgs/arctichare.gif
./imgs/arctichare.jpg,./imgs/arctichare.png
./imgs/arctichare.jpg,./imgs/baboon.bmp
./imgs/arctichare.jpg,./imgs/baboon.gif
./imgs/arctichare.jpg,./imgs/baboon.jpg
./imgs/arctichare.jpg,./imgs/baboon.png
./imgs/arctichare.jpg,./imgs/boat.bmp
./imgs/arctichare.jpg,./imgs/boat.gif
./imgs/arctichare.jpg,./imgs/boat.jpg
./imgs/arctichare.jpg,./imgs/boat.png
./imgs/arctichare.jpg,./imgs/cat.bmp
./imgs/arctichare.jpg,./imgs/cat.gif
./imgs/arctichare.jpg,./imgs/cat.jpg
./imgs/arctichare.jpg,./imgs/cat.png
./imgs/arctichare.jpg,./imgs/fruits.bmp
./imgs/arctichare.jpg,./imgs/fruits.gif
./imgs/arctichare.jpg,./imgs/fruits.jpg
./imgs/arctichare.jpg,./imgs/fruits.png
./imgs/arctichare.jpg,./imgs/frymire.bmp
./imgs/arctichare.jpg,./imgs/frymire.gif
./imgs/arctichare.jpg,./imgs/frymire.jpg
./imgs/arctichare.jpg,./imgs/frymire.png
./imgs/arctichare.jpg,./imgs/girl.bmp
./imgs/arctichare.jpg,./imgs/girl.gif
./imgs/arctichare.jpg,./imgs/girl.jpg
./imgs/arctichare.jpg,./imgs/girl.png
./imgs/arctichare.jpg,./imgs/goldhill.bmp
./imgs/arctichare.jpg,./imgs/goldhill.gif
./imgs/arctichare.jpg,./imgs/goldhill.jpg
./imgs/arctichare.jpg,./imgs/goldhill.png
./imgs/arctichare.jpg,./imgs/lena.bmp
./imgs/arctichare.jpg,./imgs/lena.gif
./imgs/arctichare.jpg,./imgs/lena.jpg
./imgs/arctichare.jpg,./imgs/lena.png
./imgs/arctichare.jpg,./imgs/monarch.bmp
./imgs/arctichare.jpg,./imgs/monarch.gif
./imgs/arctichare.jpg,./imgs/monarch.jpg
./imgs/arctichare.jpg,./imgs/monarch.png
./imgs/arctichare.jpg,./imgs/peppers.bmp
./imgs/arctichare.jpg,./imgs/peppers.gif
./imgs/arctichare.jpg,./imgs/peppers.jpg
./imgs/arctichare.jpg,./imgs/peppers.png
./imgs/arctichare.png,./imgs/airplane.bmp
./imgs/arctichare.png,./imgs/airplane.gif
./imgs/arctichare.png,./imgs/airplane.jpg
./imgs/arctichare.png,./imgs/airplane.png
./imgs/arctichare.png,./imgs/arctichare.bmp
./imgs/arctichare.png,./imgs/arctichare.gif
./imgs/arctichare.png,./imgs/arctichare.jpg
./imgs/arctichare.png,./imgs/baboon.bmp
./imgs/arctichare.png,./imgs/baboon.gif
./imgs/arctichare.png,./imgs/baboon.jpg
./imgs/arctichare.png,./imgs/baboon.png
./imgs/arctichare.png,./imgs/boat.bmp
./imgs/arctichare.png,./imgs/boat.gif
./imgs/arctichare.png,./imgs/boat.jpg
./imgs/arctichare.png,./imgs/boat.png
./imgs/arctichare.png,./imgs/cat.bmp
./imgs/arctichare.png,./imgs/cat.gif
./imgs/arctichare.png,./imgs/cat.jpg
./imgs/arctichare.png,./imgs/cat.png
./imgs/arctichare.png,./imgs/fruits.bmp
./imgs/arctichare.png,./imgs/fruits.gif
./imgs/arctichare.png,./imgs/fruits.jpg
./imgs/arctichare.png,./imgs/fruits.png
./imgs/arctichare.png,./imgs/frymire.bmp
./imgs/arctichare.png,./imgs/frymire.gif
./imgs/arctichare.png,./imgs/frymire.jpg
./imgs/arctichare.png,./imgs/frymire.png
./imgs/arctichare.png,./imgs/girl.bmp
./imgs/arctichare.png,./imgs/girl.gif
./imgs/arctichare.png,./imgs/girl.jpg
./imgs/arctichare.png,./imgs/girl.png
./imgs/arctichare.png,./imgs/goldhill.bmp
./imgs/arctichare.png,./imgs/goldhill.gif
./imgs/arctichare.png,./imgs/goldhill.jpg
./imgs/arctichare.png,./imgs/goldhill.png
./imgs/arctichare.png,./imgs/lena.bmp
./imgs/arctichare.png,./imgs/lena.gif
./imgs/arctichare.png,./imgs/lena.jpg
./imgs/arctichare.png,./imgs/lena.png
./imgs/arctichare.png,./imgs/monarch.bmp
./imgs/arctichare.png,./imgs/monarch.gif
./imgs/arctichare.png,./imgs/monarch.jpg
./imgs/arctichare.png,./imgs/monarch.png
./imgs/arctichare.png,./imgs/peppers.bmp
./imgs/arctichare.png,./imgs/peppers.gif
./imgs/arctichare.png,./imgs/peppers.jpg
./imgs/arctichare.png,./imgs/peppers.png
./imgs/baboon.bmp,./imgs/airplane.bmp
./imgs/baboon.bmp,./imgs/airplane.gif
./imgs/baboon.bmp,./imgs/airplane.jpg
./imgs/baboon.bmp,./imgs/airplane.png
./imgs/baboon.bmp,./imgs/arctichare.bmp
./imgs/baboon.bmp,./imgs/arctichare.gif
./imgs/baboon.bmp,./imgs/arctichare.jpg
./imgs/baboon.bmp,./imgs/arctichare.png
./imgs/baboon.bmp,./imgs/baboon.gif
./imgs/baboon.bmp,./imgs/baboon.jpg
./imgs/baboon.bmp,./imgs/baboon.png
./imgs/baboon.bmp,./imgs/boat.bmp
./imgs/baboon.bmp,./imgs/boat.gif
./imgs/baboon.bmp,./imgs/boat.jpg
./imgs/baboon.bmp,./imgs/boat.png
./imgs/baboon.bmp,./imgs/cat.bmp
./imgs/baboon.bmp,./imgs/cat.gif
./imgs/baboon.bmp,./imgs/cat.jpg
./imgs/baboon.bmp,./imgs/cat.png
./imgs/baboon.bmp,./imgs/fruits.bmp
./imgs/baboon.bmp,./imgs/fruits.gif
./imgs/baboon.bmp,./imgs/fruits.jpg
./imgs/baboon.bmp,./imgs/fruits.png
./imgs/baboon.bmp,./imgs/frymire.bmp
./imgs/baboon.bmp,./imgs/frymire.gif
./imgs/baboon.bmp,./imgs/frymire.jpg
./imgs/baboon.bmp,./imgs/frymire.png
./imgs/baboon.bmp,./imgs/girl.bmp
./imgs/baboon.bmp,./imgs/girl.gif
./imgs/baboon.bmp,./imgs/girl.jpg
./imgs/baboon.bmp,./imgs/girl.png
./imgs/baboon.bmp,./imgs/goldhill.bmp
./imgs/baboon.bmp,./imgs/goldhill.gif
./imgs/baboon.bmp,./imgs/goldhill.jpg
./imgs/baboon.bmp,./imgs/goldhill.png
./imgs/baboon.bmp,./imgs/lena.bmp
./imgs/baboon.bmp,./imgs/lena.gif
./imgs/baboon.bmp,./imgs/lena.jpg
./imgs/baboon.bmp,./imgs/lena.png
./imgs/baboon.bmp,./imgs/monarch.bmp
./imgs/baboon.bmp,./imgs/monarch.gif
./imgs/baboon.bmp,./imgs/monarch.jpg
./imgs/baboon.bmp,./imgs/monarch.png
./imgs/baboon.bmp,./imgs/peppers.bmp
./imgs/baboon.bmp,./imgs/peppers.gif
./imgs/baboon.bmp,./imgs/peppers.jpg
./imgs/baboon.bmp,./imgs/peppers.png
./imgs/baboon.gif,./imgs/airplane.bmp
./imgs/baboon.gif,./imgs/airplane.gif
./imgs/baboon.gif,./imgs/airplane.jpg
./imgs/baboon.gif,./imgs/airplane.png
./imgs/baboon.gif,./imgs/arctichare.bmp
./imgs/baboon.gif,./imgs/arctichare.gif
./imgs/baboon.gif,./imgs/arctichare.jpg
./imgs/baboon.gif,./imgs/arctichare.png
./imgs/baboon.gif,./imgs/baboon.bmp
./imgs/baboon.gif,./imgs/baboon.jpg
./imgs/baboon.gif,./imgs/baboon.png
./imgs/baboon.gif,./imgs/boat.bmp
./imgs/baboon.gif,./imgs/boat.gif
./imgs/baboon.gif,./imgs/boat.jpg
./imgs/baboon.gif,./imgs/boat.png
./imgs/baboon.gif,./imgs/cat.bmp
./imgs/baboon.gif,./imgs/cat.gif
./imgs/baboon.gif,./imgs/cat.jpg
./imgs/baboon.gif,./imgs/cat.png
./imgs/baboon.gif,./imgs/fruits.bmp
./imgs/baboon.gif,./imgs/fruits.gif
./imgs/baboon.gif,./imgs/fruits.jpg
./imgs/baboon.gif,./imgs/fruits.png
./imgs/baboon.gif,./imgs/frymire.bmp
./imgs/baboon.gif,./imgs/frymire.gif
./imgs/baboon.gif,./imgs/frymire.jpg
./imgs/baboon.gif,./imgs/frymire.png
./imgs/baboon.gif,./imgs/girl.bmp
./imgs/baboon.gif,./imgs/girl.gif
./imgs/baboon.gif,./imgs/girl.jpg
./imgs/baboon.gif,./imgs/girl.png
./imgs/baboon.gif,./imgs/goldhill.bmp
./imgs/baboon.gif,./imgs/goldhill.gif
./imgs/baboon.gif,./imgs/goldhill.jpg
./imgs/baboon.gif,./imgs/goldhill.png
./imgs/baboon.gif,./imgs/lena.bmp
./imgs/baboon.gif,./imgs/lena.gif
./imgs/baboon.gif,./imgs/lena.jpg
./imgs/baboon.gif,./imgs/lena.png
./imgs/baboon.gif,./imgs/monarch.bmp
./imgs/baboon.gif,./imgs/monarch.gif
./imgs/baboon.gif,./imgs/monarch.jpg
./imgs/baboon.gif,./imgs/monarch.png
./imgs/baboon.gif,./imgs/peppers.bmp
./imgs/baboon.gif,./imgs/peppers.gif
./imgs/baboon.gif,./imgs/peppers.jpg
./imgs/baboon.gif,./imgs/peppers.png
./imgs/baboon.jpg,./imgs/airplane.bmp
./imgs/baboon.jpg,./imgs/airplane.gif
./imgs/baboon.jpg,./imgs/airplane.jpg
./imgs/baboon.jpg,./imgs/airplane.png
./imgs/baboon.jpg,./imgs/arctichare.bmp
./imgs/baboon.jpg,./imgs/arctichare.gif
./imgs/baboon.jpg,./imgs/arctichare.jpg
./imgs/baboon.jpg,./imgs/arctichare.png
./imgs/baboon.jpg,./imgs/baboon.bmp
./imgs/baboon.jpg,./imgs/baboon.gif
./imgs/baboon.jpg,./imgs/baboon.png
./imgs/baboon.jpg,./imgs/boat.bmp
./imgs/baboon.jpg,./imgs/boat.gif
./imgs/baboon.jpg,./imgs/boat.jpg
./imgs/baboon.jpg,./imgs/boat.png
./imgs/baboon.jpg,./imgs/cat.bmp
./imgs/baboon.jpg,./imgs/cat.gif
./imgs/baboon.jpg,./imgs/cat.jpg
./imgs/baboon.jpg,./imgs/cat.png
./imgs/baboon.jpg,./imgs/fruits.bmp
./imgs/baboon.jpg,./imgs/fruits.gif
./imgs/baboon.jpg,./imgs/fruits.jpg
./imgs/baboon.jpg,./imgs/fruits.png
./imgs/baboon.jpg,./imgs/frymire.bmp
./imgs/baboon.jpg,./imgs/frymire.gif
./imgs/baboon.jpg,./imgs/frymire.jpg
./imgs/baboon.jpg,./imgs/frymire.png
./imgs/baboon.jpg,./imgs/girl.bmp
./imgs/baboon.jpg,./imgs/girl.gif
./imgs/baboon.jpg,./imgs/girl.jpg
./imgs/baboon.jpg,./imgs/girl.png
./imgs/baboon.jpg,./imgs/goldhill.bmp
./imgs/baboon.jpg,./imgs/goldhill.gif
./imgs/baboon.jpg,./imgs/goldhill.jpg
./imgs/baboon.jpg,./imgs/goldhill.png
./imgs/baboon.jpg,./imgs/lena.bmp
./imgs/baboon.jpg,./imgs/lena.gif
./imgs/baboon.jpg,./imgs/lena.jpg
./imgs/baboon.jpg,./imgs/lena.png
./imgs/baboon.jpg,./imgs/monarch.bmp
./imgs/baboon.jpg,./imgs/monarch.gif
./imgs/baboon.jpg,./imgs/monarch.jpg
./imgs/baboon.jpg,./imgs/monarch.png
./imgs/baboon.jpg,./imgs/peppers.bmp
./imgs/baboon.jpg,./imgs/peppers.gif
./imgs/baboon.jpg,./imgs/peppers.jpg
./imgs/baboon.jpg,./imgs/peppers.png
./imgs/baboon.png,./imgs/airplane.bmp
./imgs/baboon.png,./imgs/airplane.gif
./imgs/baboon.png,./imgs/airplane.jpg
./imgs/baboon.png,./imgs/airplane.png
./imgs/baboon.png,./imgs/arctichare.bmp
./imgs/baboon.png,./imgs/arctichare.gif
./imgs/baboon.png,./imgs/arctichare.jpg
./imgs/baboon.png,./imgs/arctichare.png
./imgs/baboon.png,./imgs/baboon.bmp
./imgs/baboon.png,./imgs/baboon.gif
./imgs/baboon.png,./imgs/baboon.jpg
./imgs/baboon.png,./imgs/boat.bmp
./imgs/baboon.png,./imgs/boat.gif
./imgs/baboon.png,./imgs/boat.jpg
./imgs/baboon.png,./imgs/boat.png
./imgs/baboon.png,./imgs/cat.bmp
./imgs/baboon.png,./imgs/cat.gif
./imgs/baboon.png,./imgs/cat.jpg
./imgs/baboon.png,./imgs/cat.png
./imgs/baboon.png,./imgs/fruits.bmp
./imgs/baboon.png,./imgs/fruits.gif
./imgs/baboon.png,./imgs/fruits.jpg
./imgs/baboon.png,./imgs/fruits.png
./imgs/baboon.png,./imgs/frymire.bmp
./imgs/baboon.png,./imgs/frymire.gif
./imgs/baboon.png,./imgs/frymire.jpg
./imgs/baboon.png,./imgs/frymire.png
./imgs/baboon.png,./imgs/girl.bmp
./imgs/baboon.png,./imgs/girl.gif
./imgs/baboon.png,./imgs/girl.jpg
./imgs/baboon.png,./imgs/girl.png
./imgs/baboon.png,./imgs/goldhill.bmp
./imgs/baboon.png,./imgs/goldhill.gif
./imgs/baboon.png,./imgs/goldhill.jpg
./imgs/baboon.png,./imgs/goldhill.png
./imgs/baboon.png,./imgs/lena.bmp
./imgs/baboon.png,./imgs/lena.gif
./imgs/baboon.png,./imgs/lena.jpg
./imgs/baboon.png,./imgs/lena.png
./imgs/baboon.png,./imgs/monarch.bmp
./imgs/baboon.png,./imgs/monarch.gif
./imgs/baboon.png,./imgs/monarch.jpg
./imgs/baboon.png,./imgs/monarch.png
./imgs/baboon.png,./imgs/peppers.bmp
./imgs/baboon.png,./imgs/peppers.gif
./imgs/baboon.png,./imgs/peppers.jpg
./imgs/baboon.png,./imgs/peppers.png
./imgs/boat.bmp,./imgs/airplane.bmp
./imgs/boat.bmp,./imgs/airplane.gif
./imgs/boat.bmp,./imgs/airplane.jpg
./imgs/boat.bmp,./imgs/airplane.png
./imgs/boat.bmp,./imgs/arctichare.bmp
./imgs/boat.bmp,./imgs/arctichare.gif
./imgs/boat.bmp,./imgs/arctichare.jpg
./imgs/boat.bmp,./imgs/arctichare.png
./imgs/boat.bmp,./imgs/baboon.bmp
./imgs/boat.bmp,./imgs/baboon.gif
./imgs/boat.bmp,./imgs/baboon.jpg
./imgs/boat.bmp,./imgs/baboon.png
./imgs/boat.bmp,./imgs/boat.gif
./imgs/boat.bmp,./imgs/boat.jpg
./imgs/boat.bmp,./imgs/boat.png
./imgs/boat.bmp,./imgs/cat.bmp
./imgs/boat.bmp,./imgs/cat.gif
./imgs/boat.bmp,./imgs/cat.jpg
./imgs/boat.bmp,./imgs/cat.png
./imgs/boat.bmp,./imgs/fruits.bmp
./imgs/boat.bmp,./imgs/fruits.gif
./imgs/boat.bmp,./imgs/fruits.jpg
./imgs/boat.bmp,./imgs/fruits.png
./imgs/boat.bmp,./imgs/frymire.bmp
./imgs/boat.bmp,./imgs/frymire.gif
./imgs/boat.bmp,./imgs/frymire.jpg
./imgs/boat.bmp,./imgs/frymire.png
./imgs/boat.bmp,./imgs/girl.bmp
./imgs/boat.bmp,./imgs/girl.gif
./imgs/boat.bmp,./imgs/girl.jpg
./imgs/boat.bmp,./imgs/girl.png
./imgs/boat.bmp,./imgs/goldhill.bmp
./imgs/boat.bmp,./imgs/goldhill.gif
./imgs/boat.bmp,./imgs/goldhill.jpg
./imgs/boat.bmp,./imgs/goldhill.png
./imgs/boat.bmp,./imgs/lena.bmp
./imgs/boat.bmp,./imgs/lena.gif
./imgs/boat.bmp,./imgs/lena.jpg
./imgs/boat.bmp,./imgs/lena.png
./imgs/boat.bmp,./imgs/monarch.bmp
./imgs/boat.bmp,./imgs/monarch.gif
./imgs/boat.bmp,./imgs/monarch.jpg
./imgs/boat.bmp,./imgs/monarch.png
./imgs/boat.bmp,./imgs/peppers.bmp
./imgs/boat.bmp,./imgs/peppers.gif
./imgs/boat.bmp,./imgs/peppers.jpg
./imgs/boat.bmp,./imgs/peppers.png
./imgs/boat.gif,./imgs/airplane.bmp
./imgs/boat.gif,./imgs/airplane.gif
./imgs/boat.gif,./imgs/airplane.jpg
./imgs/boat.gif,./imgs/airplane.png
./imgs/boat.gif,./imgs/arctichare.bmp
./imgs/boat.gif,./imgs/arctichare.gif
./imgs/boat.gif,./imgs/arctichare.jpg
./imgs/boat.gif,./imgs/arctichare.png
./imgs/boat.gif,./imgs/baboon.bmp
./imgs/boat.gif,./imgs/baboon.gif
./imgs/boat.gif,./imgs/baboon.jpg
./imgs/boat.gif,./imgs/baboon.png
./imgs/boat.gif,./imgs/boat.bmp
./imgs/boat.gif,./imgs/boat.jpg
./imgs/boat.gif,./imgs/boat.png
./imgs/boat.gif,./imgs/cat.bmp
./imgs/boat.gif,./imgs/cat.gif
./imgs/boat.gif,./imgs/cat.jpg
./imgs/boat.gif,./imgs/cat.png
./imgs/boat.gif,./imgs/fruits.bmp
./imgs/boat.gif,./imgs/fruits.gif
./imgs/boat.gif,./imgs/fruits.jpg
./imgs/boat.gif,./imgs/fruits.png
./imgs/boat.gif,./imgs/frymire.bmp
./imgs/boat.gif,./imgs/frymire.gif
./imgs/boat.gif,./imgs/frymire.jpg
./imgs/boat.gif,./imgs/frymire.png
./imgs/boat.gif,./imgs/girl.bmp
./imgs/boat.gif,./imgs/girl.gif
./imgs/boat.gif,./imgs/girl.jpg
./imgs/boat.gif,./imgs/girl.png
./imgs/boat.gif,./imgs/goldhill.bmp
./imgs/boat.gif,./imgs/goldhill.gif
./imgs/boat.gif,./imgs/goldhill.jpg
./imgs/boat.gif,./imgs/goldhill.png
./imgs/boat.gif,./imgs/lena.bmp
./imgs/boat.gif,./imgs/lena.gif
./imgs/boat.gif,./imgs/lena.jpg
./imgs/boat.gif,./imgs/lena.png
./imgs/boat.gif,./imgs/monarch.bmp
./imgs/boat.gif,./imgs/monarch.gif
./imgs/boat.gif,./imgs/monarch.jpg
./imgs/boat.gif,./imgs/monarch.png
./imgs/boat.gif,./imgs/peppers.bmp
./imgs/boat.gif,./imgs/peppers.gif
./imgs/boat.gif,./imgs/peppers.jpg
./imgs/boat.gif,./imgs/peppers.png
./imgs/boat.jpg,./imgs/airplane.bmp
./imgs/boat.jpg,./imgs/airplane.gif
./imgs/boat.jpg,./imgs/airplane.jpg
./imgs/boat.jpg,./imgs/airplane.png
./imgs/boat.jpg,./imgs/arctichare.bmp
./imgs/boat.jpg,./imgs/arctichare.gif
./imgs/boat.jpg,./imgs/arctichare.jpg
./imgs/boat.jpg,./imgs/arctichare.png
./imgs/boat.jpg,./imgs/baboon.bmp
./imgs/boat.jpg,./imgs/baboon.gif
./imgs/boat.jpg,./imgs/baboon.jpg
./imgs/boat.jpg,./imgs/baboon.png
./imgs/boat.jpg,./imgs/boat.bmp
./imgs/boat.jpg,./imgs/boat.gif
./imgs/boat.jpg,./imgs/boat.png
./imgs/boat.jpg,./imgs/cat.bmp
./imgs/boat.jpg,./imgs/cat.gif
./imgs/boat.jpg,./imgs/cat.jpg
./imgs/boat.jpg,./imgs/cat.png
./imgs/boat.jpg,./imgs/fruits.bmp
./imgs/boat.jpg,./imgs/fruits.gif
./imgs/boat.jpg,./imgs/fruits.jpg
./imgs/boat.jpg,./imgs/fruits.png
./imgs/boat.jpg,./imgs/frymire.bmp
./imgs/boat.jpg,./imgs/frymire.gif
./imgs/boat.jpg,./imgs/frymire.jpg
./imgs/boat.jpg,./imgs/frymire.png
./imgs/boat.jpg,./imgs/girl.bmp
./imgs/boat.jpg,./imgs/girl.gif
./imgs/boat.jpg,./imgs/girl.jpg
./imgs/boat.jpg,./imgs/girl.png
./imgs/boat.jpg,./imgs/goldhill.bmp
./imgs/boat.jpg,./imgs/goldhill.gif
./imgs/boat.jpg,./imgs/goldhill.jpg
./imgs/boat.jpg,./imgs/goldhill.png
./imgs/boat.jpg,./imgs/lena.bmp
./imgs/boat.jpg,./imgs/lena.gif
./imgs/boat.jpg,./imgs/lena.jpg
./imgs/boat.jpg,./imgs/lena.png
./imgs/boat.jpg,./imgs/monarch.bmp
./imgs/boat.jpg,./imgs/monarch.gif
./imgs/boat.jpg,./imgs/monarch.jpg
./imgs/boat.jpg,./imgs/monarch.png
./imgs/boat.jpg,./imgs/peppers.bmp
./imgs/boat.jpg,./imgs/peppers.gif
./imgs/boat.jpg,./imgs/peppers.jpg
./imgs/boat.jpg,./imgs/peppers.png
./imgs/boat.png,./imgs/airplane.bmp
./imgs/boat.png,./imgs/airplane.gif
./imgs/boat.png,./imgs/airplane.jpg
./imgs/boat.png,./imgs/airplane.png
./imgs/boat.png,./imgs/arctichare.bmp
./imgs/boat.png,./imgs/arctichare.gif
./imgs/boat.png,./imgs/arctichare.jpg
./imgs/boat.png,./imgs/arctichare.png
./imgs/boat.png,./imgs/baboon.bmp
./imgs/boat.png,./imgs/baboon.gif
./imgs/boat.png,./imgs/baboon.jpg
./imgs/boat.png,./imgs/baboon.png
./imgs/boat.png,./imgs/boat.bmp
./imgs/boat.png,./imgs/boat.gif
./imgs/boat.png,./imgs/boat.jpg
./imgs/boat.png,./imgs/cat.bmp
./imgs/boat.png,./imgs/cat.gif
./imgs/boat.png,./imgs/cat.jpg
./imgs/boat.png,./imgs/cat.png
./imgs/boat.png,./imgs/fruits.bmp
./imgs/boat.png,./imgs/fruits.gif
./imgs/boat.png,./imgs/fruits.jpg
./imgs/boat.png,./imgs/fruits.png
./imgs/boat.png,./imgs/frymire.bmp
./imgs/boat.png,./imgs/frymire.gif
./imgs/boat.png,./imgs/frymire.jpg
./imgs/boat.png,./imgs/frymire.png
./imgs/boat.png,./imgs/girl.bmp
./imgs/boat.png,./imgs/girl.gif
./imgs/boat.png,./imgs/girl.jpg
./imgs/boat.png,./imgs/girl.png
./imgs/boat.png,./imgs/goldhill.bmp
./imgs/boat.png,./imgs/goldhill.gif
./imgs/boat.png,./imgs/goldhill.jpg
./imgs/boat.png,./imgs/goldhill.png
./imgs/boat.png,./imgs/lena.bmp
./imgs/boat.png,./imgs/lena.gif
./imgs/boat.png,./imgs/lena.jpg
./imgs/boat.png,./imgs/lena.png
./imgs/boat.png,./imgs/monarch.bmp
./imgs/boat.png,./imgs/monarch.gif
./imgs/boat.png,./imgs/monarch.jpg
./imgs/boat.png,./imgs/monarch.png
./imgs/boat.png,./imgs/peppers.bmp
./imgs/boat.png,./imgs/peppers.gif
./imgs/boat.png,./imgs/peppers.jpg
./imgs/boat.png,./imgs/peppers.png
./imgs/cat.bmp,./imgs/airplane.bmp
./imgs/cat.bmp,./imgs/airplane.gif
./imgs/cat.bmp,./imgs/airplane.jpg
./imgs/cat.bmp,./imgs/airplane.png
./imgs/cat.bmp,./imgs/arctichare.bmp
./imgs/cat.bmp,./imgs/arctichare.gif
./imgs/cat.bmp,./imgs/arctichare.jpg
./imgs/cat.bmp,./imgs/arctichare.png
./imgs/cat.bmp,./imgs/baboon.bmp
./imgs/cat.bmp,./imgs/baboon.gif
./imgs/cat.bmp,./imgs/baboon.jpg
./imgs/cat.bmp,./imgs/baboon.png
./imgs/cat.bmp,./imgs/boat.bmp
./imgs/cat.bmp,./imgs/boat.gif
./imgs/cat.bmp,./imgs/boat.jpg
./imgs/cat.bmp,./imgs/boat.png
./imgs/cat.bmp,./imgs/cat.gif
./imgs/cat.bmp,./imgs/cat.jpg
./imgs/cat.bmp,./imgs/cat.png
./imgs/cat.bmp,./imgs/fruits.bmp
./imgs/cat.bmp,./imgs/fruits.gif
./imgs/cat.bmp,./imgs/fruits.jpg
./imgs/cat.bmp,./imgs/fruits.png
./imgs/cat.bmp,./imgs/frymire.bmp
./imgs/cat.bmp,./imgs/frymire.gif
./imgs/cat.bmp,./imgs/frymire.jpg
./imgs/cat.bmp,./imgs/frymire.png
./imgs/cat.bmp,./imgs/girl.bmp
./imgs/cat.bmp,./imgs/girl.gif
./imgs/cat.bmp,./imgs/girl.jpg
./imgs/cat.bmp,./imgs/girl.png
./imgs/cat.bmp,./imgs/goldhill.bmp
./imgs/cat.bmp,./imgs/goldhill.gif
./imgs/cat.bmp,./imgs/goldhill.jpg
./imgs/cat.bmp,./imgs/goldhill.png
./imgs/cat.bmp,./imgs/lena.bmp
./imgs/cat.bmp,./imgs/lena.gif
./imgs/cat.bmp,./imgs/lena.jpg
./imgs/cat.bmp,./imgs/lena.png
./imgs/cat.bmp,./imgs/monarch.bmp
./imgs/cat.bmp,./imgs/monarch.gif
./imgs/cat.bmp,./imgs/monarch.jpg
./imgs/cat.bmp,./imgs/monarch.png
./imgs/cat.bmp,./imgs/peppers.bmp
./imgs/cat.bmp,./imgs/peppers.gif
./imgs/cat.bmp,./imgs/peppers.jpg
./imgs/cat.bmp,./imgs/peppers.png
./imgs/cat.gif,./imgs/airplane.bmp
./imgs/cat.gif,./imgs/airplane.gif
./imgs/cat.gif,./imgs/airplane.jpg
./imgs/cat.gif,./imgs/airplane.png
./imgs/cat.gif,./imgs/arctichare.bmp
./imgs/cat.gif,./imgs/arctichare.gif
./imgs/cat.gif,./imgs/arctichare.jpg
./imgs/cat.gif,./imgs/arctichare.png
./imgs/cat.gif,./imgs/baboon.bmp
./imgs/cat.gif,./imgs/baboon.gif
./imgs/cat.gif,./imgs/baboon.jpg
./imgs/cat.gif,./imgs/baboon.png
./imgs/cat.gif,./imgs/boat.bmp
./imgs/cat.gif,./imgs/boat.gif
./imgs/cat.gif,./imgs/boat.jpg
./imgs/cat.gif,./imgs/boat.png
./imgs/cat.gif,./imgs/cat.bmp
./imgs/cat.gif,./imgs/cat.jpg
./imgs/cat.gif,./imgs/cat.png
./imgs/cat.gif,./imgs/fruits.bmp
./imgs/cat.gif,./imgs/fruits.gif
./imgs/cat.gif,./imgs/fruits.jpg
./imgs/cat.gif,./imgs/fruits.png
./imgs/cat.gif,./imgs/frymire.bmp
./imgs/cat.gif,./imgs/frymire.gif
./imgs/cat.gif,./imgs/frymire.jpg
./imgs/cat.gif,./imgs/frymire.png
./imgs/cat.gif,./imgs/girl.bmp
./imgs/cat.gif,./imgs/girl.gif
./imgs/cat.gif,./imgs/girl.jpg
./imgs/cat.gif,./imgs/girl.png
./imgs/cat.gif,./imgs/goldhill.bmp
./imgs/cat.gif,./imgs/goldhill.gif
./imgs/cat.gif,./imgs/goldhill.jpg
./imgs/cat.gif,./imgs/goldhill.png
./imgs/cat.gif,./imgs/lena.bmp
./imgs/cat.gif,./imgs/lena.gif
./imgs/cat.gif,./imgs/lena.jpg
./imgs/cat.gif,./imgs/lena.png
./imgs/cat.gif,./imgs/monarch.bmp
./imgs/cat.gif,./imgs/monarch.gif
./imgs/cat.gif,./imgs/monarch.jpg
./imgs/cat.gif,./imgs/monarch.png
./imgs/cat.gif,./imgs/peppers.bmp
./imgs/cat.gif,./imgs/peppers.gif
./imgs/cat.gif,./imgs/peppers.jpg
./imgs/cat.gif,./imgs/peppers.png
./imgs/cat.jpg,./imgs/airplane.bmp
./imgs/cat.jpg,./imgs/airplane.gif
./imgs/cat.jpg,./imgs/airplane.jpg
./imgs/cat.jpg,./imgs/airplane.png
./imgs/cat.jpg,./imgs/arctichare.bmp
./imgs/cat.jpg,./imgs/arctichare.gif
./imgs/cat.jpg,./imgs/arctichare.jpg
./imgs/cat.jpg,./imgs/arctichare.png
./imgs/cat.jpg,./imgs/baboon.bmp
./imgs/cat.jpg,./imgs/baboon.gif
./imgs/cat.jpg,./imgs/baboon.jpg
./imgs/cat.jpg,./imgs/baboon.png
./imgs/cat.jpg,./imgs/boat.bmp
./imgs/cat.jpg,./imgs/boat.gif
./imgs/cat.jpg,./imgs/boat.jpg
./imgs/cat.jpg,./imgs/boat.png
./imgs/cat.jpg,./imgs/cat.bmp
./imgs/cat.jpg,./imgs/cat.gif
./imgs/cat.jpg,./imgs/cat.png
./imgs/cat.jpg,./imgs/fruits.bmp
./imgs/cat.jpg,./imgs/fruits.gif
./imgs/cat.jpg,./imgs/fruits.jpg
./imgs/cat.jpg,./imgs/fruits.png
./imgs/cat.jpg,./imgs/frymire.bmp
./imgs/cat.jpg,./imgs/frymire.gif
./imgs/cat.jpg,./imgs/frymire.jpg
./imgs/cat.jpg,./imgs/frymire.png
./imgs/cat.jpg,./imgs/girl.bmp
./imgs/cat.jpg,./imgs/girl.gif
./imgs/cat.jpg,./imgs/girl.jpg
./imgs/cat.jpg,./imgs/girl.png
./imgs/cat.jpg,./imgs/goldhill.bmp
./imgs/cat.jpg,./imgs/goldhill.gif
./imgs/cat.jpg,./imgs/goldhill.jpg
./imgs/cat.jpg,./imgs/goldhill.png
./imgs/cat.jpg,./imgs/lena.bmp
./imgs/cat.jpg,./imgs/lena.gif
./imgs/cat.jpg,./imgs/lena.jpg
./imgs/cat.jpg,./imgs/lena.png
./imgs/cat.jpg,./imgs/monarch.bmp
./imgs/cat.jpg,./imgs/monarch.gif
./imgs/cat.jpg,./imgs/monarch.jpg
./imgs/cat.jpg,./imgs/monarch.png
./imgs/cat.jpg,./imgs/peppers.bmp
./imgs/cat.jpg,./imgs/peppers.gif
./imgs/cat.jpg,./imgs/peppers.jpg
./imgs/cat.jpg,./imgs/peppers.png
./imgs/cat.png,./imgs/airplane.bmp
./imgs/cat.png,./imgs/airplane.gif
./imgs/cat.png,./imgs/airplane.jpg
./imgs/cat.png,./imgs/airplane.png
./imgs/cat.png,./imgs/arctichare.bmp
./imgs/cat.png,./imgs/arctichare.gif
./imgs/cat.png,./imgs/arctichare.jpg
./imgs/cat.png,./imgs/arctichare.png
./imgs/cat.png,./imgs/baboon.bmp
./imgs/cat.png,./imgs/baboon.gif
./imgs/cat.png,./imgs/baboon.jpg
./imgs/cat.png,./imgs/baboon.png
./imgs/cat.png,./imgs/boat.bmp
./imgs/cat.png,./imgs/boat.gif
./imgs/cat.png,./imgs/boat.jpg
./imgs/cat.png,./imgs/boat.png
./imgs/cat.png,./imgs/cat.bmp
./imgs/cat.png,./imgs/cat.gif
./imgs/cat.png,./imgs/cat.jpg
./imgs/cat.png,./imgs/fruits.bmp
./imgs/cat.png,./imgs/fruits.gif
./imgs/cat.png,./imgs/fruits.jpg
./imgs/cat.png,./imgs/fruits.png
./imgs/cat.png,./imgs/frymire.bmp
./imgs/cat.png,./imgs/frymire.gif
./imgs/cat.png,./imgs/frymire.jpg
./imgs/cat.png,./imgs/frymire.png
./imgs/cat.png,./imgs/girl.bmp
./imgs/cat.png,./imgs/girl.gif
./imgs/cat.png,./imgs/girl.jpg
./imgs/cat.png,./imgs/girl.png
./imgs/cat.png,./imgs/goldhill.bmp
./imgs/cat.png,./imgs/goldhill.gif
./imgs/cat.png,./imgs/goldhill.jpg
./imgs/cat.png,./imgs/goldhill.png
./imgs/cat.png,./imgs/lena.bmp
./imgs/cat.png,./imgs/lena.gif
./imgs/cat.png,./imgs/lena.jpg
./imgs/cat.png,./imgs/lena.png
./imgs/cat.png,./imgs/monarch.bmp
./imgs/cat.png,./imgs/monarch.gif
./imgs/cat.png,./imgs/monarch.jpg
./imgs/cat.png,./imgs/monarch.png
./imgs/cat.png,./imgs/peppers.bmp
./imgs/cat.png,./imgs/peppers.gif
./imgs/cat.png,./imgs/peppers.jpg
./imgs/cat.png,./imgs/peppers.png
./imgs/fruits.bmp,./imgs/airplane.bmp
./imgs/fruits.bmp,./imgs/airplane.gif
./imgs/fruits.bmp,./imgs/airplane.jpg
./imgs/fruits.bmp,./imgs/airplane.png
./imgs/fruits.bmp,./imgs/arctichare.bmp
./imgs/fruits.bmp,./imgs/arctichare.gif
./imgs/fruits.bmp,./imgs/arctichare.jpg
./imgs/fruits.bmp,./imgs/arctichare.png
./imgs/fruits.bmp,./imgs/baboon.bmp
./imgs/fruits.bmp,./imgs/baboon.gif
./imgs/fruits.bmp,./imgs/baboon.jpg
./imgs/fruits.bmp,./imgs/baboon.png
./imgs/fruits.bmp,./imgs/boat.bmp
./imgs/fruits.bmp,./imgs/boat.gif
./imgs/fruits.bmp,./imgs/boat.jpg
./imgs/fruits.bmp,./imgs/boat.png
./imgs/fruits.bmp,./imgs/cat.bmp
./imgs/fruits.bmp,./imgs/cat.gif
./imgs/fruits.bmp,./imgs/cat.jpg
./imgs/fruits.bmp,./imgs/cat.png
./imgs/fruits.bmp,./imgs/fruits.gif
./imgs/fruits.bmp,./imgs/fruits.jpg
./imgs/fruits.bmp,./imgs/fruits.png
./imgs/fruits.bmp,./imgs/frymire.bmp
./imgs/fruits.bmp,./imgs/frymire.gif
./imgs/fruits.bmp,./imgs/frymire.jpg
./imgs/fruits.bmp,./imgs/frymire.png
./imgs/fruits.bmp,./imgs/girl.bmp
./imgs/fruits.bmp,./imgs/girl.gif
./imgs/fruits.bmp,./imgs/girl.jpg
./imgs/fruits.bmp,./imgs/girl.png
./imgs/fruits.bmp,./imgs/goldhill.bmp
./imgs/fruits.bmp,./imgs/goldhill.gif
./imgs/fruits.bmp,./imgs/goldhill.jpg
./imgs/fruits.bmp,./imgs/goldhill.png
./imgs/fruits.bmp,./imgs/lena.bmp
./imgs/fruits.bmp,./imgs/lena.gif
./imgs/fruits.bmp,./imgs/lena.jpg
./imgs/fruits.bmp,./imgs/lena.png
./imgs/fruits.bmp,./imgs/monarch.bmp
./imgs/fruits.bmp,./imgs/monarch.gif
./imgs/fruits.bmp,./imgs/monarch.jpg
./imgs/fruits.bmp,./imgs/monarch.png
./imgs/fruits.bmp,./imgs/peppers.bmp
./imgs/fruits.bmp,./imgs/peppers.gif
./imgs/fruits.bmp,./imgs/peppers.jpg
./imgs/fruits.bmp,./imgs/peppers.png
./imgs/fruits.gif,./imgs/airplane.bmp
./imgs/fruits.gif,./imgs/airplane.gif
./imgs/fruits.gif,./imgs/airplane.jpg
./imgs/fruits.gif,./imgs/airplane.png
./imgs/fruits.gif,./imgs/arctichare.bmp
./imgs/fruits.gif,./imgs/arctichare.gif
./imgs/fruits.gif,./imgs/arctichare.jpg
./imgs/fruits.gif,./imgs/arctichare.png
./imgs/fruits.gif,./imgs/baboon.bmp
./imgs/fruits.gif,./imgs/baboon.gif
./imgs/fruits.gif,./imgs/baboon.jpg
./imgs/fruits.gif,./imgs/baboon.png
./imgs/fruits.gif,./imgs/boat.bmp
./imgs/fruits.gif,./imgs/boat.gif
./imgs/fruits.gif,./imgs/boat.jpg
./imgs/fruits.gif,./imgs/boat.png
./imgs/fruits.gif,./imgs/cat.bmp
./imgs/fruits.gif,./imgs/cat.gif
./imgs/fruits.gif,./imgs/cat.jpg
./imgs/fruits.gif,./imgs/cat.png
./imgs/fruits.gif,./imgs/fruits.bmp
./imgs/fruits.gif,./imgs/fruits.jpg
./imgs/fruits.gif,./imgs/fruits.png
./imgs/fruits.gif,./imgs/frymire.bmp
./imgs/fruits.gif,./imgs/frymire.gif
./imgs/fruits.gif,./imgs/frymire.jpg
./imgs/fruits.gif,./imgs/frymire.png
./imgs/fruits.gif,./imgs/girl.bmp
./imgs/fruits.gif,./imgs/girl.gif
./imgs/fruits.gif,./imgs/girl.jpg
./imgs/fruits.gif,./imgs/girl.png
./imgs/fruits.gif,./imgs/goldhill.bmp
./imgs/fruits.gif,./imgs/goldhill.gif
./imgs/fruits.gif,./imgs/goldhill.jpg
./imgs/fruits.gif,./imgs/goldhill.png
./imgs/fruits.gif,./imgs/lena.bmp
./imgs/fruits.gif,./imgs/lena.gif
./imgs/fruits.gif,./imgs/lena.jpg
./imgs/fruits.gif,./imgs/lena.png
./imgs/fruits.gif,./imgs/monarch.bmp
./imgs/fruits.gif,./imgs/monarch.gif
./imgs/fruits.gif,./imgs/monarch.jpg
./imgs/fruits.gif,./imgs/monarch.png
./imgs/fruits.gif,./imgs/peppers.bmp
./imgs/fruits.gif,./imgs/peppers.gif
./imgs/fruits.gif,./imgs/peppers.jpg
./imgs/fruits.gif,./imgs/peppers.png
./imgs/fruits.jpg,./imgs/airplane.bmp
./imgs/fruits.jpg,./imgs/airplane.gif
./imgs/fruits.jpg,./imgs/airplane.jpg
./imgs/fruits.jpg,./imgs/airplane.png
./imgs/fruits.jpg,./imgs/arctichare.bmp
./imgs/fruits.jpg,./imgs/arctichare.gif
./imgs/fruits.jpg,./imgs/arctichare.jpg
./imgs/fruits.jpg,./imgs/arctichare.png
./imgs/fruits.jpg,./imgs/baboon.bmp
./imgs/fruits.jpg,./imgs/baboon.gif
./imgs/fruits.jpg,./imgs/baboon.jpg
./imgs/fruits.jpg,./imgs/baboon.png
./imgs/fruits.jpg,./imgs/boat.bmp
./imgs/fruits.jpg,./imgs/boat.gif
./imgs/fruits.jpg,./imgs/boat.jpg
./imgs/fruits.jpg,./imgs/boat.png
./imgs/fruits.jpg,./imgs/cat.bmp
./imgs/fruits.jpg,./imgs/cat.gif
./imgs/fruits.jpg,./imgs/cat.jpg
./imgs/fruits.jpg,./imgs/cat.png
./imgs/fruits.jpg,./imgs/fruits.bmp
./imgs/fruits.jpg,./imgs/fruits.gif
./imgs/fruits.jpg,./imgs/fruits.png
./imgs/fruits.jpg,./imgs/frymire.bmp
./imgs/fruits.jpg,./imgs/frymire.gif
./imgs/fruits.jpg,./imgs/frymire.jpg
./imgs/fruits.jpg,./imgs/frymire.png
./imgs/fruits.jpg,./imgs/girl.bmp
./imgs/fruits.jpg,./imgs/girl.gif
./imgs/fruits.jpg,./imgs/girl.jpg
./imgs/fruits.jpg,./imgs/girl.png
./imgs/fruits.jpg,./imgs/goldhill.bmp
./imgs/fruits.jpg,./imgs/goldhill.gif
./imgs/fruits.jpg,./imgs/goldhill.jpg
./imgs/fruits.jpg,./imgs/goldhill.png
./imgs/fruits.jpg,./imgs/lena.bmp
./imgs/fruits.jpg,./imgs/lena.gif
./imgs/fruits.jpg,./imgs/lena.jpg
./imgs/fruits.jpg,./imgs/lena.png
./imgs/fruits.jpg,./imgs/monarch.bmp
./imgs/fruits.jpg,./imgs/monarch.gif
./imgs/fruits.jpg,./imgs/monarch.jpg
./imgs/fruits.jpg,./imgs/monarch.png
./imgs/fruits.jpg,./imgs/peppers.bmp
./imgs/fruits.jpg,./imgs/peppers.gif
./imgs/fruits.jpg,./imgs/peppers.jpg
./imgs/fruits.jpg,./imgs/peppers.png
./imgs/fruits.png,./imgs/airplane.bmp
./imgs/fruits.png,./imgs/airplane.gif
./imgs/fruits.png,./imgs/airplane.jpg
./imgs/fruits.png,./imgs/airplane.png
./imgs/fruits.png,./imgs/arctichare.bmp
./imgs/fruits.png,./imgs/arctichare.gif
./imgs/fruits.png,./imgs/arctichare.jpg
./imgs/fruits.png,./imgs/arctichare.png
./imgs/fruits.png,./imgs/baboon.bmp
./imgs/fruits.png,./imgs/baboon.gif
./imgs/fruits.png,./imgs/baboon.jpg
./imgs/fruits.png,./imgs/baboon.png
./imgs/fruits.png,./imgs/boat.bmp
./imgs/fruits.png,./imgs/boat.gif
./imgs/fruits.png,./imgs/boat.jpg
./imgs/fruits.png,./imgs/boat.png
./imgs/fruits.png,./imgs/cat.bmp
./imgs/fruits.png,./imgs/cat.gif
./imgs/fruits.png,./imgs/cat.jpg
./imgs/fruits.png,./imgs/cat.png
./imgs/fruits.png,./imgs/fruits.bmp
./imgs/fruits.png,./imgs/fruits.gif
./imgs/fruits.png,./imgs/fruits.jpg
./imgs/fruits.png,./imgs/frymire.bmp
./imgs/fruits.png,./imgs/frymire.gif
./imgs/fruits.png,./imgs/frymire.jpg
./imgs/fruits.png,./imgs/frymire.png
./imgs/fruits.png,./imgs/girl.bmp
./imgs/fruits.png,./imgs/girl.gif
./imgs/fruits.png,./imgs/girl.jpg
./imgs/fruits.png,./imgs/girl.png
./imgs/fruits.png,./imgs/goldhill.bmp
./imgs/fruits.png,./imgs/goldhill.gif
./imgs/fruits.png,./imgs/goldhill.jpg
./imgs/fruits.png,./imgs/goldhill.png
./imgs/fruits.png,./imgs/lena.bmp
./imgs/fruits.png,./imgs/lena.gif
./imgs/fruits.png,./imgs/lena.jpg
./imgs/fruits.png,./imgs/lena.png
./imgs/fruits.png,./imgs/monarch.bmp
./imgs/fruits.png,./imgs/monarch.gif
./imgs/fruits.png,./imgs/monarch.jpg
./imgs/fruits.png,./imgs/monarch.png
./imgs/fruits.png,./imgs/peppers.bmp
./imgs/fruits.png,./imgs/peppers.gif
./imgs/fruits.png,./imgs/peppers.jpg
./imgs/fruits.png,./imgs/peppers.png
./imgs/frymire.bmp,./imgs/airplane.bmp
./imgs/frymire.bmp,./imgs/airplane.gif
./imgs/frymire.bmp,./imgs/airplane.jpg
./imgs/frymire.bmp,./imgs/airplane.png
./imgs/frymire.bmp,./imgs/arctichare.bmp
./imgs/frymire.bmp,./imgs/arctichare.gif
./imgs/frymire.bmp,./imgs/arctichare.jpg
./imgs/frymire.bmp,./imgs/arctichare.png
./imgs/frymire.bmp,./imgs/baboon.bmp
./imgs/frymire.bmp,./imgs/baboon.gif
./imgs/frymire.bmp,./imgs/baboon.jpg
./imgs/frymire.bmp,./imgs/baboon.png
./imgs/frymire.bmp,./imgs/boat.bmp
./imgs/frymire.bmp,./imgs/boat.gif
./imgs/frymire.bmp,./imgs/boat.jpg
./imgs/frymire.bmp,./imgs/boat.png
./imgs/frymire.bmp,./imgs/cat.bmp
./imgs/frymire.bmp,./imgs/cat.gif
./imgs/frymire.bmp,./imgs/cat.jpg
./imgs/frymire.bmp,./imgs/cat.png
./imgs/frymire.bmp,./imgs/fruits.bmp
./imgs/frymire.bmp,./imgs/fruits.gif
./imgs/frymire.bmp,./imgs/fruits.jpg
./imgs/frymire.bmp,./imgs/fruits.png
./imgs/frymire.bmp,./imgs/frymire.gif
./imgs/frymire.bmp,./imgs/frymire.jpg
./imgs/frymire.bmp,./imgs/frymire.png
./imgs/frymire.bmp,./imgs/girl.bmp
./imgs/frymire.bmp,./imgs/girl.gif
./imgs/frymire.bmp,./imgs/girl.jpg
./imgs/frymire.bmp,./imgs/girl.png
./imgs/frymire.bmp,./imgs/goldhill.bmp
./imgs/frymire.bmp,./imgs/goldhill.gif
./imgs/frymire.bmp,./imgs/goldhill.jpg
./imgs/frymire.bmp,./imgs/goldhill.png
./imgs/frymire.bmp,./imgs/lena.bmp
./imgs/frymire.bmp,./imgs/lena.gif
./imgs/frymire.bmp,./imgs/lena.jpg
./imgs/frymire.bmp,./imgs/lena.png
./imgs/frymire.bmp,./imgs/monarch.bmp
./imgs/frymire.bmp,./imgs/monarch.gif
./imgs/frymire.bmp,./imgs/monarch.jpg
./imgs/frymire.bmp,./imgs/monarch.png
./imgs/frymire.bmp,./imgs/peppers.bmp
./imgs/frymire.bmp,./imgs/peppers.gif
./imgs/frymire.bmp,./imgs/peppers.jpg
./imgs/frymire.bmp,./imgs/peppers.png
./imgs/frymire.gif,./imgs/airplane.bmp
./imgs/frymire.gif,./imgs/airplane.gif
./imgs/frymire.gif,./imgs/airplane.jpg
./imgs/frymire.gif,./imgs/airplane.png
./imgs/frymire.gif,./imgs/arctichare.bmp
./imgs/frymire.gif,./imgs/arctichare.gif
./imgs/frymire.gif,./imgs/arctichare.jpg
./imgs/frymire.gif,./imgs/arctichare.png
./imgs/frymire.gif,./imgs/baboon.bmp
./imgs/frymire.gif,./imgs/baboon.gif
./imgs/frymire.gif,./imgs/baboon.jpg
./imgs/frymire.gif,./imgs/baboon.png
./imgs/frymire.gif,./imgs/boat.bmp
./imgs/frymire.gif,./imgs/boat.gif
./imgs/frymire.gif,./imgs/boat.jpg
./imgs/frymire.gif,./imgs/boat.png
./imgs/frymire.gif,./imgs/cat.bmp
./imgs/frymire.gif,./imgs/cat.gif
./imgs/frymire.gif,./imgs/cat.jpg
./imgs/frymire.gif,./imgs/cat.png
./imgs/frymire.gif,./imgs/fruits.bmp
./imgs/frymire.gif,./imgs/fruits.gif
./imgs/frymire.gif,./imgs/fruits.jpg
./imgs/frymire.gif,./imgs/fruits.png
./imgs/frymire.gif,./imgs/frymire.bmp
./imgs/frymire.gif,./imgs/frymire.jpg
./imgs/frymire.gif,./imgs/frymire.png
./imgs/frymire.gif,./imgs/girl.bmp
./imgs/frymire.gif,./imgs/girl.gif
./imgs/frymire.gif,./imgs/girl.jpg
./imgs/frymire.gif,./imgs/girl.png
./imgs/frymire.gif,./imgs/goldhill.bmp
./imgs/frymire.gif,./imgs/goldhill.gif
./imgs/frymire.gif,./imgs/goldhill.jpg
./imgs/frymire.gif,./imgs/goldhill.png
./imgs/frymire.gif,./imgs/lena.bmp
./imgs/frymire.gif,./imgs/lena.gif
./imgs/frymire.gif,./imgs/lena.jpg
./imgs/frymire.gif,./imgs/lena.png
./imgs/frymire.gif,./imgs/monarch.bmp
./imgs/frymire.gif,./imgs/monarch.gif
./imgs/frymire.gif,./imgs/monarch.jpg
./imgs/frymire.gif,./imgs/monarch.png
./imgs/frymire.gif,./imgs/peppers.bmp
./imgs/frymire.gif,./imgs/peppers.gif
./imgs/frymire.gif,./imgs/peppers.jpg
./imgs/frymire.gif,./imgs/peppers.png
./imgs/frymire.jpg,./imgs/airplane.bmp
./imgs/frymire.jpg,./imgs/airplane.gif
./imgs/frymire.jpg,./imgs/airplane.jpg
./imgs/frymire.jpg,./imgs/airplane.png
./imgs/frymire.jpg,./imgs/arctichare.bmp
./imgs/frymire.jpg,./imgs/arctichare.gif
./imgs/frymire.jpg,./imgs/arctichare.jpg
./imgs/frymire.jpg,./imgs/arctichare.png
./imgs/frymire.jpg,./imgs/baboon.bmp
./imgs/frymire.jpg,./imgs/baboon.gif
./imgs/frymire.jpg,./imgs/baboon.jpg
./imgs/frymire.jpg,./imgs/baboon.png
./imgs/frymire.jpg,./imgs/boat.bmp
./imgs/frymire.jpg,./imgs/boat.gif
./imgs/frymire.jpg,./imgs/boat.jpg
./imgs/frymire.jpg,./imgs/boat.png
./imgs/frymire.jpg,./imgs/cat.bmp
./imgs/frymire.jpg,./imgs/cat.gif
./imgs/frymire.jpg,./imgs/cat.jpg
./imgs/frymire.jpg,./imgs/cat.png
./imgs/frymire.jpg,./imgs/fruits.bmp
./imgs/frymire.jpg,./imgs/fruits.gif
./imgs/frymire.jpg,./imgs/fruits.jpg
./imgs/frymire.jpg,./imgs/fruits.png
./imgs/frymire.jpg,./imgs/frymire.bmp
./imgs/frymire.jpg,./imgs/frymire.gif
./imgs/frymire.jpg,./imgs/frymire.png
./imgs/frymire.jpg,./imgs/girl.bmp
./imgs/frymire.jpg,./imgs/girl.gif
./imgs/frymire.jpg,./imgs/girl.jpg
./imgs/frymire.jpg,./imgs/girl.png
./imgs/frymire.jpg,./imgs/goldhill.bmp
./imgs/frymire.jpg,./imgs/goldhill.gif
./imgs/frymire.jpg,./imgs/goldhill.jpg
./imgs/frymire.jpg,./imgs/goldhill.png
./imgs/frymire.jpg,./imgs/lena.bmp
./imgs/frymire.jpg,./imgs/lena.gif
./imgs/frymire.jpg,./imgs/lena.jpg
./imgs/frymire.jpg,./imgs/lena.png
./imgs/frymire.jpg,./imgs/monarch.bmp
./imgs/frymire.jpg,./imgs/monarch.gif
./imgs/frymire.jpg,./imgs/monarch.jpg
./imgs/frymire.jpg,./imgs/monarch.png
./imgs/frymire.jpg,./imgs/peppers.bmp
./imgs/frymire.jpg,./imgs/peppers.gif
./imgs/frymire.jpg,./imgs/peppers.jpg
./imgs/frymire.jpg,./imgs/peppers.png
./imgs/frymire.png,./imgs/airplane.bmp
./imgs/frymire.png,./imgs/airplane.gif
./imgs/frymire.png,./imgs/airplane.jpg
./imgs/frymire.png,./imgs/airplane.png
./imgs/frymire.png,./imgs/arctichare.bmp
./imgs/frymire.png,./imgs/arctichare.gif
./imgs/frymire.png,./imgs/arctichare.jpg
./imgs/frymire.png,./imgs/arctichare.png
./imgs/frymire.png,./imgs/baboon.bmp
./imgs/frymire.png,./imgs/baboon.gif
./imgs/frymire.png,./imgs/baboon.jpg
./imgs/frymire.png,./imgs/baboon.png
./imgs/frymire.png,./imgs/boat.bmp
./imgs/frymire.png,./imgs/boat.gif
./imgs/frymire.png,./imgs/boat.jpg
./imgs/frymire.png,./imgs/boat.png
./imgs/frymire.png,./imgs/cat.bmp
./imgs/frymire.png,./imgs/cat.gif
./imgs/frymire.png,./imgs/cat.jpg
./imgs/frymire.png,./imgs/cat.png
./imgs/frymire.png,./imgs/fruits.bmp
./imgs/frymire.png,./imgs/fruits.gif
./imgs/frymire.png,./imgs/fruits.jpg
./imgs/frymire.png,./imgs/fruits.png
./imgs/frymire.png,./imgs/frymire.bmp
./imgs/frymire.png,./imgs/frymire.gif
./imgs/frymire.png,./imgs/frymire.jpg
./imgs/frymire.png,./imgs/girl.bmp
./imgs/frymire.png,./imgs/girl.gif
./imgs/frymire.png,./imgs/girl.jpg
./imgs/frymire.png,./imgs/girl.png
./imgs/frymire.png,./imgs/goldhill.bmp
./imgs/frymire.png,./imgs/goldhill.gif
./imgs/frymire.png,./imgs/goldhill.jpg
./imgs/frymire.png,./imgs/goldhill.png
./imgs/frymire.png,./imgs/lena.bmp
./imgs/frymire.png,./imgs/lena.gif
./imgs/frymire.png,./imgs/lena.jpg
./imgs/frymire.png,./imgs/lena.png
./imgs/frymire.png,./imgs/monarch.bmp
./imgs/frymire.png,./imgs/monarch.gif
./imgs/frymire.png,./imgs/monarch.jpg
./imgs/frymire.png,./imgs/monarch.png
./imgs/frymire.png,./imgs/peppers.bmp
./imgs/frymire.png,./imgs/peppers.gif
./imgs/frymire.png,./imgs/peppers.jpg
./imgs/frymire.png,./imgs/peppers.png
./imgs/girl.bmp,./imgs/airplane.bmp
./imgs/girl.bmp,./imgs/airplane.gif
./imgs/girl.bmp,./imgs/airplane.jpg
./imgs/girl.bmp,./imgs/airplane.png
./imgs/girl.bmp,./imgs/arctichare.bmp
./imgs/girl.bmp,./imgs/arctichare.gif
./imgs/girl.bmp,./imgs/arctichare.jpg
./imgs/girl.bmp,./imgs/arctichare.png
./imgs/girl.bmp,./imgs/baboon.bmp
./imgs/girl.bmp,./imgs/baboon.gif
./imgs/girl.bmp,./imgs/baboon.jpg
./imgs/girl.bmp,./imgs/baboon.png
./imgs/girl.bmp,./imgs/boat.bmp
./imgs/girl.bmp,./imgs/boat.gif
./imgs/girl.bmp,./imgs/boat.jpg
./imgs/girl.bmp,./imgs/boat.png
./imgs/girl.bmp,./imgs/cat.bmp
./imgs/girl.bmp,./imgs/cat.gif
./imgs/girl.bmp,./imgs/cat.jpg
./imgs/girl.bmp,./imgs/cat.png
./imgs/girl.bmp,./imgs/fruits.bmp
./imgs/girl.bmp,./imgs/fruits.gif
./imgs/girl.bmp,./imgs/fruits.jpg
./imgs/girl.bmp,./imgs/fruits.png
./imgs/girl.bmp,./imgs/frymire.bmp
./imgs/girl.bmp,./imgs/frymire.gif
./imgs/girl.bmp,./imgs/frymire.jpg
./imgs/girl.bmp,./imgs/frymire.png
./imgs/girl.bmp,./imgs/girl.gif
./imgs/girl.bmp,./imgs/girl.jpg
./imgs/girl.bmp,./imgs/girl.png
./imgs/girl.bmp,./imgs/goldhill.bmp
./imgs/girl.bmp,./imgs/goldhill.gif
./imgs/girl.bmp,./imgs/goldhill.jpg
./imgs/girl.bmp,./imgs/goldhill.png
./imgs/girl.bmp,./imgs/lena.bmp
./imgs/girl.bmp,./imgs/lena.gif
./imgs/girl.bmp,./imgs/lena.jpg
./imgs/girl.bmp,./imgs/lena.png
./imgs/girl.bmp,./imgs/monarch.bmp
./imgs/girl.bmp,./imgs/monarch.gif
./imgs/girl.bmp,./imgs/monarch.jpg
./imgs/girl.bmp,./imgs/monarch.png
./imgs/girl.bmp,./imgs/peppers.bmp
./imgs/girl.bmp,./imgs/peppers.gif
./imgs/girl.bmp,./imgs/peppers.jpg
./imgs/girl.bmp,./imgs/peppers.png
./imgs/girl.gif,./imgs/airplane.bmp
./imgs/girl.gif,./imgs/airplane.gif
./imgs/girl.gif,./imgs/airplane.jpg
./imgs/girl.gif,./imgs/airplane.png
./imgs/girl.gif,./imgs/arctichare.bmp
./imgs/girl.gif,./imgs/arctichare.gif
./imgs/girl.gif,./imgs/arctichare.jpg
./imgs/girl.gif,./imgs/arctichare.png
./imgs/girl.gif,./imgs/baboon.bmp
./imgs/girl.gif,./imgs/baboon.gif
./imgs/girl.gif,./imgs/baboon.jpg
./imgs/girl.gif,./imgs/baboon.png
./imgs/girl.gif,./imgs/boat.bmp
./imgs/girl.gif,./imgs/boat.gif
./imgs/girl.gif,./imgs/boat.jpg
./imgs/girl.gif,./imgs/boat.png
./imgs/girl.gif,./imgs/cat.bmp
./imgs/girl.gif,./imgs/cat.gif
./imgs/girl.gif,./imgs/cat.jpg
./imgs/girl.gif,./imgs/cat.png
./imgs/girl.gif,./imgs/fruits.bmp
./imgs/girl.gif,./imgs/fruits.gif
./imgs/girl.gif,./imgs/fruits.jpg
./imgs/girl.gif,./imgs/fruits.png
./imgs/girl.gif,./imgs/frymire.bmp
./imgs/girl.gif,./imgs/frymire.gif
./imgs/girl.gif,./imgs/frymire.jpg
./imgs/girl.gif,./imgs/frymire.png
./imgs/girl.gif,./imgs/girl.bmp
./imgs/girl.gif,./imgs/girl.jpg
./imgs/girl.gif,./imgs/girl.png
./imgs/girl.gif,./imgs/goldhill.bmp
./imgs/girl.gif,./imgs/goldhill.gif
./imgs/girl.gif,./imgs/goldhill.jpg
./imgs/girl.gif,./imgs/goldhill.png
./imgs/girl.gif,./imgs/lena.bmp
./imgs/girl.gif,./imgs/lena.gif
./imgs/girl.gif,./imgs/lena.jpg
./imgs/girl.gif,./imgs/lena.png
./imgs/girl.gif,./imgs/monarch.bmp
./imgs/girl.gif,./imgs/monarch.gif
./imgs/girl.gif,./imgs/monarch.jpg
./imgs/girl.gif,./imgs/monarch.png
./imgs/girl.gif,./imgs/peppers.bmp
./imgs/girl.gif,./imgs/peppers.gif
./imgs/girl.gif,./imgs/peppers.jpg
./imgs/girl.gif,./imgs/peppers.png
./imgs/girl.jpg,./imgs/airplane.bmp
./imgs/girl.jpg,./imgs/airplane.gif
./imgs/girl.jpg,./imgs/airplane.jpg
./imgs/girl.jpg,./imgs/airplane.png
./imgs/girl.jpg,./imgs/arctichare.bmp
./imgs/girl.jpg,./imgs/arctichare.gif
./imgs/girl.jpg,./imgs/arctichare.jpg
./imgs/girl.jpg,./imgs/arctichare.png
./imgs/girl.jpg,./imgs/baboon.bmp
./imgs/girl.jpg,./imgs/baboon.gif
./imgs/girl.jpg,./imgs/baboon.jpg
./imgs/girl.jpg,./imgs/baboon.png
./imgs/girl.jpg,./imgs/boat.bmp
./imgs/girl.jpg,./imgs/boat.gif
./imgs/girl.jpg,./imgs/boat.jpg
./imgs/girl.jpg,./imgs/boat.png
./imgs/girl.jpg,./imgs/cat.bmp
./imgs/girl.jpg,./imgs/cat.gif
./imgs/girl.jpg,./imgs/cat.jpg
./imgs/girl.jpg,./imgs/cat.png
./imgs/girl.jpg,./imgs/fruits.bmp
./imgs/girl.jpg,./imgs/fruits.gif
./imgs/girl.jpg,./imgs/fruits.jpg
./imgs/girl.jpg,./imgs/fruits.png
./imgs/girl.jpg,./imgs/frymire.bmp
./imgs/girl.jpg,./imgs/frymire.gif
./imgs/girl.jpg,./imgs/frymire.jpg
./imgs/girl.jpg,./imgs/frymire.png
./imgs/girl.jpg,./imgs/girl.bmp
./imgs/girl.jpg,./imgs/girl.gif
./imgs/girl.jpg,./imgs/girl.png
./imgs/girl.jpg,./imgs/goldhill.bmp
./imgs/girl.jpg,./imgs/goldhill.gif
./imgs/girl.jpg,./imgs/goldhill.jpg
./imgs/girl.jpg,./imgs/goldhill.png
./imgs/girl.jpg,./imgs/lena.bmp
./imgs/girl.jpg,./imgs/lena.gif
./imgs/girl.jpg,./imgs/lena.jpg
./imgs/girl.jpg,./imgs/lena.png
./imgs/girl.jpg,./imgs/monarch.bmp
./imgs/girl.jpg,./imgs/monarch.gif
./imgs/girl.jpg,./imgs/monarch.jpg
./imgs/girl.jpg,./imgs/monarch.png
./imgs/girl.jpg,./imgs/peppers.bmp
./imgs/girl.jpg,./imgs/peppers.gif
./imgs/girl.jpg,./imgs/peppers.jpg
./imgs/girl.jpg,./imgs/peppers.png
./imgs/girl.png,./imgs/airplane.bmp
./imgs/girl.png,./imgs/airplane.gif
./imgs/girl.png,./imgs/airplane.jpg
./imgs/girl.png,./imgs/airplane.png
./imgs/girl.png,./imgs/arctichare.bmp
./imgs/girl.png,./imgs/arctichare.gif
./imgs/girl.png,./imgs/arctichare.jpg
./imgs/girl.png,./imgs/arctichare.png
./imgs/girl.png,./imgs/baboon.bmp
./imgs/girl.png,./imgs/baboon.gif
./imgs/girl.png,./imgs/baboon.jpg
./imgs/girl.png,./imgs/baboon.png
./imgs/girl.png,./imgs/boat.bmp
./imgs/girl.png,./imgs/boat.gif
./imgs/girl.png,./imgs/boat.jpg
./imgs/girl.png,./imgs/boat.png
./imgs/girl.png,./imgs/cat.bmp
./imgs/girl.png,./imgs/cat.gif
./imgs/girl.png,./imgs/cat.jpg
./imgs/girl.png,./imgs/cat.png
./imgs/girl.png,./imgs/fruits.bmp
./imgs/girl.png,./imgs/fruits.gif
./imgs/girl.png,./imgs/fruits.jpg
./imgs/girl.png,./imgs/fruits.png
./imgs/girl.png,./imgs/frymire.bmp
./imgs/girl.png,./imgs/frymire.gif
./imgs/girl.png,./imgs/frymire.jpg
./imgs/girl.png,./imgs/frymire.png
./imgs/girl.png,./imgs/girl.bmp
./imgs/girl.png,./imgs/girl.gif
./imgs/girl.png,./imgs/girl.jpg
./imgs/girl.png,./imgs/goldhill.bmp
./imgs/girl.png,./imgs/goldhill.gif
./imgs/girl.png,./imgs/goldhill.jpg
./imgs/girl.png,./imgs/goldhill.png
./imgs/girl.png,./imgs/lena.bmp
./imgs/girl.png,./imgs/lena.gif
./imgs/girl.png,./imgs/lena.jpg
./imgs/girl.png,./imgs/lena.png
./imgs/girl.png,./imgs/monarch.bmp
./imgs/girl.png,./imgs/monarch.gif
./imgs/girl.png,./imgs/monarch.jpg
./imgs/girl.png,./imgs/monarch.png
./imgs/girl.png,./imgs/peppers.bmp
./imgs/girl.png,./imgs/peppers.gif
./imgs/girl.png,./imgs/peppers.jpg
./imgs/girl.png,./imgs/peppers.png
./imgs/goldhill.bmp,./imgs/airplane.bmp
./imgs/goldhill.bmp,./imgs/airplane.gif
./imgs/goldhill.bmp,./imgs/airplane.jpg
./imgs/goldhill.bmp,./imgs/airplane.png
./imgs/goldhill.bmp,./imgs/arctichare.bmp
./imgs/goldhill.bmp,./imgs/arctichare.gif
./imgs/goldhill.bmp,./imgs/arctichare.jpg
./imgs/goldhill.bmp,./imgs/arctichare.png
./imgs/goldhill.bmp,./imgs/baboon.bmp
./imgs/goldhill.bmp,./imgs/baboon.gif
./imgs/goldhill.bmp,./imgs/baboon.jpg
./imgs/goldhill.bmp,./imgs/baboon.png
./imgs/goldhill.bmp,./imgs/boat.bmp
./imgs/goldhill.bmp,./imgs/boat.gif
./imgs/goldhill.bmp,./imgs/boat.jpg
./imgs/goldhill.bmp,./imgs/boat.png
./imgs/goldhill.bmp,./imgs/cat.bmp
./imgs/goldhill.bmp,./imgs/cat.gif
./imgs/goldhill.bmp,./imgs/cat.jpg
./imgs/goldhill.bmp,./imgs/cat.png
./imgs/goldhill.bmp,./imgs/fruits.bmp
./imgs/goldhill.bmp,./imgs/fruits.gif
./imgs/goldhill.bmp,./imgs/fruits.jpg
./imgs/goldhill.bmp,./imgs/fruits.png
./imgs/goldhill.bmp,./imgs/frymire.bmp
./imgs/goldhill.bmp,./imgs/frymire.gif
./imgs/goldhill.bmp,./imgs/frymire.jpg
./imgs/goldhill.bmp,./imgs/frymire.png
./imgs/goldhill.bmp,./imgs/girl.bmp
./imgs/goldhill.bmp,./imgs/girl.gif
./imgs/goldhill.bmp,./imgs/girl.jpg
./imgs/goldhill.bmp,./imgs/girl.png
./imgs/goldhill.bmp,./imgs/goldhill.gif
./imgs/goldhill.bmp,./imgs/goldhill.jpg
./imgs/goldhill.bmp,./imgs/goldhill.png
./imgs/goldhill.bmp,./imgs/lena.bmp
./imgs/goldhill.bmp,./imgs/lena.gif
./imgs/goldhill.bmp,./imgs/lena.jpg
./imgs/goldhill.bmp,./imgs/lena.png
./imgs/goldhill.bmp,./imgs/monarch.bmp
./imgs/goldhill.bmp,./imgs/monarch.gif
./imgs/goldhill.bmp,./imgs/monarch.jpg
./imgs/goldhill.bmp,./imgs/monarch.png
./imgs/goldhill.bmp,./imgs/peppers.bmp
./imgs/goldhill.bmp,./imgs/peppers.gif
./imgs/goldhill.bmp,./imgs/peppers.jpg
./imgs/goldhill.bmp,./imgs/peppers.png
./imgs/goldhill.gif,./imgs/airplane.bmp
./imgs/goldhill.gif,./imgs/airplane.gif
./imgs/goldhill.gif,./imgs/airplane.jpg
./imgs/goldhill.gif,./imgs/airplane.png
./imgs/goldhill.gif,./imgs/arctichare.bmp
./imgs/goldhill.gif,./imgs/arctichare.gif
./imgs/goldhill.gif,./imgs/arctichare.jpg
./imgs/goldhill.gif,./imgs/arctichare.png
./imgs/goldhill.gif,./imgs/baboon.bmp
./imgs/goldhill.gif,./imgs/baboon.gif
./imgs/goldhill.gif,./imgs/baboon.jpg
./imgs/goldhill.gif,./imgs/baboon.png
./imgs/goldhill.gif,./imgs/boat.bmp
./imgs/goldhill.gif,./imgs/boat.gif
./imgs/goldhill.gif,./imgs/boat.jpg
./imgs/goldhill.gif,./imgs/boat.png
./imgs/goldhill.gif,./imgs/cat.bmp
./imgs/goldhill.gif,./imgs/cat.gif
./imgs/goldhill.gif,./imgs/cat.jpg
./imgs/goldhill.gif,./imgs/cat.png
./imgs/goldhill.gif,./imgs/fruits.bmp
./imgs/goldhill.gif,./imgs/fruits.gif
./imgs/goldhill.gif,./imgs/fruits.jpg
./imgs/goldhill.gif,./imgs/fruits.png
./imgs/goldhill.gif,./imgs/frymire.bmp
./imgs/goldhill.gif,./imgs/frymire.gif
./imgs/goldhill.gif,./imgs/frymire.jpg
./imgs/goldhill.gif,./imgs/frymire.png
./imgs/goldhill.gif,./imgs/girl.bmp
./imgs/goldhill.gif,./imgs/girl.gif
./imgs/goldhill.gif,./imgs/girl.jpg
./imgs/goldhill.gif,./imgs/girl.png
./imgs/goldhill.gif,./imgs/goldhill.bmp
./imgs/goldhill.gif,./imgs/goldhill.jpg
./imgs/goldhill.gif,./imgs/goldhill.png
./imgs/goldhill.gif,./imgs/lena.bmp
./imgs/goldhill.gif,./imgs/lena.gif
./imgs/goldhill.gif,./imgs/lena.jpg
./imgs/goldhill.gif,./imgs/lena.png
./imgs/goldhill.gif,./imgs/monarch.bmp
./imgs/goldhill.gif,./imgs/monarch.gif
./imgs/goldhill.gif,./imgs/monarch.jpg
./imgs/goldhill.gif,./imgs/monarch.png
./imgs/goldhill.gif,./imgs/peppers.bmp
./imgs/goldhill.gif,./imgs/peppers.gif
./imgs/goldhill.gif,./imgs/peppers.jpg
./imgs/goldhill.gif,./imgs/peppers.png
./imgs/goldhill.jpg,./imgs/airplane.bmp
./imgs/goldhill.jpg,./imgs/airplane.gif
./imgs/goldhill.jpg,./imgs/airplane.jpg
./imgs/goldhill.jpg,./imgs/airplane.png
./imgs/goldhill.jpg,./imgs/arctichare.bmp
./imgs/goldhill.jpg,./imgs/arctichare.gif
./imgs/goldhill.jpg,./imgs/arctichare.jpg
./imgs/goldhill.jpg,./imgs/arctichare.png
./imgs/goldhill.jpg,./imgs/baboon.bmp
./imgs/goldhill.jpg,./imgs/baboon.gif
./imgs/goldhill.jpg,./imgs/baboon.jpg
./imgs/goldhill.jpg,./imgs/baboon.png
./imgs/goldhill.jpg,./imgs/boat.bmp
./imgs/goldhill.jpg,./imgs/boat.gif
./imgs/goldhill.jpg,./imgs/boat.jpg
./imgs/goldhill.jpg,./imgs/boat.png
./imgs/goldhill.jpg,./imgs/cat.bmp
./imgs/goldhill.jpg,./imgs/cat.gif
./imgs/goldhill.jpg,./imgs/cat.jpg
./imgs/goldhill.jpg,./imgs/cat.png
./imgs/goldhill.jpg,./imgs/fruits.bmp
./imgs/goldhill.jpg,./imgs/fruits.gif
./imgs/goldhill.jpg,./imgs/fruits.jpg
./imgs/goldhill.jpg,./imgs/fruits.png
./imgs/goldhill.jpg,./imgs/frymire.bmp
./imgs/goldhill.jpg,./imgs/frymire.gif
./imgs/goldhill.jpg,./imgs/frymire.jpg
./imgs/goldhill.jpg,./imgs/frymire.png
./imgs/goldhill.jpg,./imgs/girl.bmp
./imgs/goldhill.jpg,./imgs/girl.gif
./imgs/goldhill.jpg,./imgs/girl.jpg
./imgs/goldhill.jpg,./imgs/girl.png
./imgs/goldhill.jpg,./imgs/goldhill.bmp
./imgs/goldhill.jpg,./imgs/goldhill.gif
./imgs/goldhill.jpg,./imgs/goldhill.png
./imgs/goldhill.jpg,./imgs/lena.bmp
./imgs/goldhill.jpg,./imgs/lena.gif
./imgs/goldhill.jpg,./imgs/lena.jpg
./imgs/goldhill.jpg,./imgs/lena.png
./imgs/goldhill.jpg,./imgs/monarch.bmp
./imgs/goldhill.jpg,./imgs/monarch.gif
./imgs/goldhill.jpg,./imgs/monarch.jpg
./imgs/goldhill.jpg,./imgs/monarch.png
./imgs/goldhill.jpg,./imgs/peppers.bmp
./imgs/goldhill.jpg,./imgs/peppers.gif
./imgs/goldhill.jpg,./imgs/peppers.jpg
./imgs/goldhill.jpg,./imgs/peppers.png
./imgs/goldhill.png,./imgs/airplane.bmp
./imgs/goldhill.png,./imgs/airplane.gif
./imgs/goldhill.png,./imgs/airplane.jpg
./imgs/goldhill.png,./imgs/airplane.png
./imgs/goldhill.png,./imgs/arctichare.bmp
./imgs/goldhill.png,./imgs/arctichare.gif
./imgs/goldhill.png,./imgs/arctichare.jpg
./imgs/goldhill.png,./imgs/arctichare.png
./imgs/goldhill.png,./imgs/baboon.bmp
./imgs/goldhill.png,./imgs/baboon.gif
./imgs/goldhill.png,./imgs/baboon.jpg
./imgs/goldhill.png,./imgs/baboon.png
./imgs/goldhill.png,./imgs/boat.bmp
./imgs/goldhill.png,./imgs/boat.gif
./imgs/goldhill.png,./imgs/boat.jpg
./imgs/goldhill.png,./imgs/boat.png
./imgs/goldhill.png,./imgs/cat.bmp
./imgs/goldhill.png,./imgs/cat.gif
./imgs/goldhill.png,./imgs/cat.jpg
./imgs/goldhill.png,./imgs/cat.png
./imgs/goldhill.png,./imgs/fruits.bmp
./imgs/goldhill.png,./imgs/fruits.gif
./imgs/goldhill.png,./imgs/fruits.jpg
./imgs/goldhill.png,./imgs/fruits.png
./imgs/goldhill.png,./imgs/frymire.bmp
./imgs/goldhill.png,./imgs/frymire.gif
./imgs/goldhill.png,./imgs/frymire.jpg
./imgs/goldhill.png,./imgs/frymire.png
./imgs/goldhill.png,./imgs/girl.bmp
./imgs/goldhill.png,./imgs/girl.gif
./imgs/goldhill.png,./imgs/girl.jpg
./imgs/goldhill.png,./imgs/girl.png
./imgs/goldhill.png,./imgs/goldhill.bmp
./imgs/goldhill.png,./imgs/goldhill.gif
./imgs/goldhill.png,./imgs/goldhill.jpg
./imgs/goldhill.png,./imgs/lena.bmp
./imgs/goldhill.png,./imgs/lena.gif
./imgs/goldhill.png,./imgs/lena.jpg
./imgs/goldhill.png,./imgs/lena.png
./imgs/goldhill.png,./imgs/monarch.bmp
./imgs/goldhill.png,./imgs/monarch.gif
./imgs/goldhill.png,./imgs/monarch.jpg
./imgs/goldhill.png,./imgs/monarch.png
./imgs/goldhill.png,./imgs/peppers.bmp
./imgs/goldhill.png,./imgs/peppers.gif
./imgs/goldhill.png,./imgs/peppers.jpg
./imgs/goldhill.png,./imgs/peppers.png
./imgs/lena.bmp,./imgs/airplane.bmp
./imgs/lena.bmp,./imgs/airplane.gif
./imgs/lena.bmp,./imgs/airplane.jpg
./imgs/lena.bmp,./imgs/airplane.png
./imgs/lena.bmp,./imgs/arctichare.bmp
./imgs/lena.bmp,./imgs/arctichare.gif
./imgs/lena.bmp,./imgs/arctichare.jpg
./imgs/lena.bmp,./imgs/arctichare.png
./imgs/lena.bmp,./imgs/baboon.bmp
./imgs/lena.bmp,./imgs/baboon.gif
./imgs/lena.bmp,./imgs/baboon.jpg
./imgs/lena.bmp,./imgs/baboon.png
./imgs/lena.bmp,./imgs/boat.bmp
./imgs/lena.bmp,./imgs/boat.gif
./imgs/lena.bmp,./imgs/boat.jpg
./imgs/lena.bmp,./imgs/boat.png
./imgs/lena.bmp,./imgs/cat.bmp
./imgs/lena.bmp,./imgs/cat.gif
./imgs/lena.bmp,./imgs/cat.jpg
./imgs/lena.bmp,./imgs/cat.png
./imgs/lena.bmp,./imgs/fruits.bmp
./imgs/lena.bmp,./imgs/fruits.gif
./imgs/lena.bmp,./imgs/fruits.jpg
./imgs/lena.bmp,./imgs/fruits.png
./imgs/lena.bmp,./imgs/frymire.bmp
./imgs/lena.bmp,./imgs/frymire.gif
./imgs/lena.bmp,./imgs/frymire.jpg
./imgs/lena.bmp,./imgs/frymire.png
./imgs/lena.bmp,./imgs/girl.bmp
./imgs/lena.bmp,./imgs/girl.gif
./imgs/lena.bmp,./imgs/girl.jpg
./imgs/lena.bmp,./imgs/girl.png
./imgs/lena.bmp,./imgs/goldhill.bmp
./imgs/lena.bmp,./imgs/goldhill.gif
./imgs/lena.bmp,./imgs/goldhill.jpg
./imgs/lena.bmp,./imgs/goldhill.png
./imgs/lena.bmp,./imgs/lena.gif
./imgs/lena.bmp,./imgs/lena.jpg
./imgs/lena.bmp,./imgs/lena.png
./imgs/lena.bmp,./imgs/monarch.bmp
./imgs/lena.bmp,./imgs/monarch.gif
./imgs/lena.bmp,./imgs/monarch.jpg
./imgs/lena.bmp,./imgs/monarch.png
./imgs/lena.bmp,./imgs/peppers.bmp
./imgs/lena.bmp,./imgs/peppers.gif
./imgs/lena.bmp,./imgs/peppers.jpg
./imgs/lena.bmp,./imgs/peppers.png
./imgs/lena.gif,./imgs/airplane.bmp
./imgs/lena.gif,./imgs/airplane.gif
./imgs/lena.gif,./imgs/airplane.jpg
./imgs/lena.gif,./imgs/airplane.png
./imgs/lena.gif,./imgs/arctichare.bmp
./imgs/lena.gif,./imgs/arctichare.gif
./imgs/lena.gif,./imgs/arctichare.jpg
./imgs/lena.gif,./imgs/arctichare.png
./imgs/lena.gif,./imgs/baboon.bmp
./imgs/lena.gif,./imgs/baboon.gif
./imgs/lena.gif,./imgs/baboon.jpg
./imgs/lena.gif,./imgs/baboon.png
./imgs/lena.gif,./imgs/boat.bmp
./imgs/lena.gif,./imgs/boat.gif
./imgs/lena.gif,./imgs/boat.jpg
./imgs/lena.gif,./imgs/boat.png
./imgs/lena.gif,./imgs/cat.bmp
./imgs/lena.gif,./imgs/cat.gif
./imgs/lena.gif,./imgs/cat.jpg
./imgs/lena.gif,./imgs/cat.png
./imgs/lena.gif,./imgs/fruits.bmp
./imgs/lena.gif,./imgs/fruits.gif
./imgs/lena.gif,./imgs/fruits.jpg
./imgs/lena.gif,./imgs/fruits.png
./imgs/lena.gif,./imgs/frymire.bmp
./imgs/lena.gif,./imgs/frymire.gif
./imgs/lena.gif,./imgs/frymire.jpg
./imgs/lena.gif,./imgs/frymire.png
./imgs/lena.gif,./imgs/girl.bmp
./imgs/lena.gif,./imgs/girl.gif
./imgs/lena.gif,./imgs/girl.jpg
./imgs/lena.gif,./imgs/girl.png
./imgs/lena.gif,./imgs/goldhill.bmp
./imgs/lena.gif,./imgs/goldhill.gif
./imgs/lena.gif,./imgs/goldhill.jpg
./imgs/lena.gif,./imgs/goldhill.png
./imgs/lena.gif,./imgs/lena.bmp
./imgs/lena.gif,./imgs/lena.jpg
./imgs/lena.gif,./imgs/lena.png
./imgs/lena.gif,./imgs/monarch.bmp
./imgs/lena.gif,./imgs/monarch.gif
./imgs/lena.gif,./imgs/monarch.jpg
./imgs/lena.gif,./imgs/monarch.png
./imgs/lena.gif,./imgs/peppers.bmp
./imgs/lena.gif,./imgs/peppers.gif
./imgs/lena.gif,./imgs/peppers.jpg
./imgs/lena.gif,./imgs/peppers.png
./imgs/lena.jpg,./imgs/airplane.bmp
./imgs/lena.jpg,./imgs/airplane.gif
./imgs/lena.jpg,./imgs/airplane.jpg
./imgs/lena.jpg,./imgs/airplane.png
./imgs/lena.jpg,./imgs/arctichare.bmp
./imgs/lena.jpg,./imgs/arctichare.gif
./imgs/lena.jpg,./imgs/arctichare.jpg
./imgs/lena.jpg,./imgs/arctichare.png
./imgs/lena.jpg,./imgs/baboon.bmp
./imgs/lena.jpg,./imgs/baboon.gif
./imgs/lena.jpg,./imgs/baboon.jpg
./imgs/lena.jpg,./imgs/baboon.png
./imgs/lena.jpg,./imgs/boat.bmp
./imgs/lena.jpg,./imgs/boat.gif
./imgs/lena.jpg,./imgs/boat.jpg
./imgs/lena.jpg,./imgs/boat.png
./imgs/lena.jpg,./imgs/cat.bmp
./imgs/lena.jpg,./imgs/cat.gif
./imgs/lena.jpg,./imgs/cat.jpg
./imgs/lena.jpg,./imgs/cat.png
./imgs/lena.jpg,./imgs/fruits.bmp
./imgs/lena.jpg,./imgs/fruits.gif
./imgs/lena.jpg,./imgs/fruits.jpg
./imgs/lena.jpg,./imgs/fruits.png
./imgs/lena.jpg,./imgs/frymire.bmp
./imgs/lena.jpg,./imgs/frymire.gif
./imgs/lena.jpg,./imgs/frymire.jpg
./imgs/lena.jpg,./imgs/frymire.png
./imgs/lena.jpg,./imgs/girl.bmp
./imgs/lena.jpg,./imgs/girl.gif
./imgs/lena.jpg,./imgs/girl.jpg
./imgs/lena.jpg,./imgs/girl.png
./imgs/lena.jpg,./imgs/goldhill.bmp
./imgs/lena.jpg,./imgs/goldhill.gif
./imgs/lena.jpg,./imgs/goldhill.jpg
./imgs/lena.jpg,./imgs/goldhill.png
./imgs/lena.jpg,./imgs/lena.bmp
./imgs/lena.jpg,./imgs/lena.gif
./imgs/lena.jpg,./imgs/lena.png
./imgs/lena.jpg,./imgs/monarch.bmp
./imgs/lena.jpg,./imgs/monarch.gif
./imgs/lena.jpg,./imgs/monarch.jpg
./imgs/lena.jpg,./imgs/monarch.png
./imgs/lena.jpg,./imgs/peppers.bmp
./imgs/lena.jpg,./imgs/peppers.gif
./imgs/lena.jpg,./imgs/peppers.jpg
./imgs/lena.jpg,./imgs/peppers.png
./imgs/lena.png,./imgs/airplane.bmp
./imgs/lena.png,./imgs/airplane.gif
./imgs/lena.png,./imgs/airplane.jpg
./imgs/lena.png,./imgs/airplane.png
./imgs/lena.png,./imgs/arctichare.bmp
./imgs/lena.png,./imgs/arctichare.gif
./imgs/lena.png,./imgs/arctichare.jpg
./imgs/lena.png,./imgs/arctichare.png
./imgs/lena.png,./imgs/baboon.bmp
./imgs/lena.png,./imgs/baboon.gif
./imgs/lena.png,./imgs/baboon.jpg
./imgs/lena.png,./imgs/baboon.png
./imgs/lena.png,./imgs/boat.bmp
./imgs/lena.png,./imgs/boat.gif
./imgs/lena.png,./imgs/boat.jpg
./imgs/lena.png,./imgs/boat.png
./imgs/lena.png,./imgs/cat.bmp
./imgs/lena.png,./imgs/cat.gif
./imgs/lena.png,./imgs/cat.jpg
./imgs/lena.png,./imgs/cat.png
./imgs/lena.png,./imgs/fruits.bmp
./imgs/lena.png,./imgs/fruits.gif
./imgs/lena.png,./imgs/fruits.jpg
./imgs/lena.png,./imgs/fruits.png
./imgs/lena.png,./imgs/frymire.bmp
./imgs/lena.png,./imgs/frymire.gif
./imgs/lena.png,./imgs/frymire.jpg
./imgs/lena.png,./imgs/frymire.png
./imgs/lena.png,./imgs/girl.bmp
./imgs/lena.png,./imgs/girl.gif
./imgs/lena.png,./imgs/girl.jpg
./imgs/lena.png,./imgs/girl.png
./imgs/lena.png,./imgs/goldhill.bmp
./imgs/lena.png,./imgs/goldhill.gif
./imgs/lena.png,./imgs/goldhill.jpg
./imgs/lena.png,./imgs/goldhill.png
./imgs/lena.png,./imgs/lena.bmp
./imgs/lena.png,./imgs/lena.gif
./imgs/lena.png,./imgs/lena.jpg
./imgs/lena.png,./imgs/monarch.bmp
./imgs/lena.png,./imgs/monarch.gif
./imgs/lena.png,./imgs/monarch.jpg
./imgs/lena.png,./imgs/monarch.png
./imgs/lena.png,./imgs/peppers.bmp
./imgs/lena.png,./imgs/peppers.gif
./imgs/lena.png,./imgs/peppers.jpg
./imgs/lena.png,./imgs/peppers.png
./imgs/monarch.bmp,./imgs/airplane.bmp
./imgs/monarch.bmp,./imgs/airplane.gif
./imgs/monarch.bmp,./imgs/airplane.jpg
./imgs/monarch.bmp,./imgs/airplane.png
./imgs/monarch.bmp,./imgs/arctichare.bmp
./imgs/monarch.bmp,./imgs/arctichare.gif
./imgs/monarch.bmp,./imgs/arctichare.jpg
./imgs/monarch.bmp,./imgs/arctichare.png
./imgs/monarch.bmp,./imgs/baboon.bmp
./imgs/monarch.bmp,./imgs/baboon.gif
./imgs/monarch.bmp,./imgs/baboon.jpg
./imgs/monarch.bmp,./imgs/baboon.png
./imgs/monarch.bmp,./imgs/boat.bmp
./imgs/monarch.bmp,./imgs/boat.gif
./imgs/monarch.bmp,./imgs/boat.jpg
./imgs/monarch.bmp,./imgs/boat.png
./imgs/monarch.bmp,./imgs/cat.bmp
./imgs/monarch.bmp,./imgs/cat.gif
./imgs/monarch.bmp,./imgs/cat.jpg
./imgs/monarch.bmp,./imgs/cat.png
./imgs/monarch.bmp,./imgs/fruits.bmp
./imgs/monarch.bmp,./imgs/fruits.gif
./imgs/monarch.bmp,./imgs/fruits.jpg
./imgs/monarch.bmp,./imgs/fruits.png
./imgs/monarch.bmp,./imgs/frymire.bmp
./imgs/monarch.bmp,./imgs/frymire.gif
./imgs/monarch.bmp,./imgs/frymire.jpg
./imgs/monarch.bmp,./imgs/frymire.png
./imgs/monarch.bmp,./imgs/girl.bmp
./imgs/monarch.bmp,./imgs/girl.gif
./imgs/monarch.bmp,./imgs/girl.jpg
./imgs/monarch.bmp,./imgs/girl.png
./imgs/monarch.bmp,./imgs/goldhill.bmp
./imgs/monarch.bmp,./imgs/goldhill.gif
./imgs/monarch.bmp,./imgs/goldhill.jpg
./imgs/monarch.bmp,./imgs/goldhill.png
./imgs/monarch.bmp,./imgs/lena.bmp
./imgs/monarch.bmp,./imgs/lena.gif
./imgs/monarch.bmp,./imgs/lena.jpg
./imgs/monarch.bmp,./imgs/lena.png
./imgs/monarch.bmp,./imgs/monarch.gif
./imgs/monarch.bmp,./imgs/monarch.jpg
./imgs/monarch.bmp,./imgs/monarch.png
./imgs/monarch.bmp,./imgs/peppers.bmp
./imgs/monarch.bmp,./imgs/peppers.gif
./imgs/monarch.bmp,./imgs/peppers.jpg
./imgs/monarch.bmp,./imgs/peppers.png
./imgs/monarch.gif,./imgs/airplane.bmp
./imgs/monarch.gif,./imgs/airplane.gif
./imgs/monarch.gif,./imgs/airplane.jpg
./imgs/monarch.gif,./imgs/airplane.png
./imgs/monarch.gif,./imgs/arctichare.bmp
./imgs/monarch.gif,./imgs/arctichare.gif
./imgs/monarch.gif,./imgs/arctichare.jpg
./imgs/monarch.gif,./imgs/arctichare.png
./imgs/monarch.gif,./imgs/baboon.bmp
./imgs/monarch.gif,./imgs/baboon.gif
./imgs/monarch.gif,./imgs/baboon.jpg
./imgs/monarch.gif,./imgs/baboon.png
./imgs/monarch.gif,./imgs/boat.bmp
./imgs/monarch.gif,./imgs/boat.gif
./imgs/monarch.gif,./imgs/boat.jpg
./imgs/monarch.gif,./imgs/boat.png
./imgs/monarch.gif,./imgs/cat.bmp
./imgs/monarch.gif,./imgs/cat.gif
./imgs/monarch.gif,./imgs/cat.jpg
./imgs/monarch.gif,./imgs/cat.png
./imgs/monarch.gif,./imgs/fruits.bmp
./imgs/monarch.gif,./imgs/fruits.gif
./imgs/monarch.gif,./imgs/fruits.jpg
./imgs/monarch.gif,./imgs/fruits.png
./imgs/monarch.gif,./imgs/frymire.bmp
./imgs/monarch.gif,./imgs/frymire.gif
./imgs/monarch.gif,./imgs/frymire.jpg
./imgs/monarch.gif,./imgs/frymire.png
./imgs/monarch.gif,./imgs/girl.bmp
./imgs/monarch.gif,./imgs/girl.gif
./imgs/monarch.gif,./imgs/girl.jpg
./imgs/monarch.gif,./imgs/girl.png
./imgs/monarch.gif,./imgs/goldhill.bmp
./imgs/monarch.gif,./imgs/goldhill.gif
./imgs/monarch.gif,./imgs/goldhill.jpg
./imgs/monarch.gif,./imgs/goldhill.png
./imgs/monarch.gif,./imgs/lena.bmp
./imgs/monarch.gif,./imgs/lena.gif
./imgs/monarch.gif,./imgs/lena.jpg
./imgs/monarch.gif,./imgs/lena.png
./imgs/monarch.gif,./imgs/monarch.bmp
./imgs/monarch.gif,./imgs/monarch.jpg
./imgs/monarch.gif,./imgs/monarch.png
./imgs/monarch.gif,./imgs/peppers.bmp
./imgs/monarch.gif,./imgs/peppers.gif
./imgs/monarch.gif,./imgs/peppers.jpg
./imgs/monarch.gif,./imgs/peppers.png
./imgs/monarch.jpg,./imgs/airplane.bmp
./imgs/monarch.jpg,./imgs/airplane.gif
./imgs/monarch.jpg,./imgs/airplane.jpg
./imgs/monarch.jpg,./imgs/airplane.png
./imgs/monarch.jpg,./imgs/arctichare.bmp
./imgs/monarch.jpg,./imgs/arctichare.gif
./imgs/monarch.jpg,./imgs/arctichare.jpg
./imgs/monarch.jpg,./imgs/arctichare.png
./imgs/monarch.jpg,./imgs/baboon.bmp
./imgs/monarch.jpg,./imgs/baboon.gif
./imgs/monarch.jpg,./imgs/baboon.jpg
./imgs/monarch.jpg,./imgs/baboon.png
./imgs/monarch.jpg,./imgs/boat.bmp
./imgs/monarch.jpg,./imgs/boat.gif
./imgs/monarch.jpg,./imgs/boat.jpg
./imgs/monarch.jpg,./imgs/boat.png
./imgs/monarch.jpg,./imgs/cat.bmp
./imgs/monarch.jpg,./imgs/cat.gif
./imgs/monarch.jpg,./imgs/cat.jpg
./imgs/monarch.jpg,./imgs/cat.png
./imgs/monarch.jpg,./imgs/fruits.bmp
./imgs/monarch.jpg,./imgs/fruits.gif
./imgs/monarch.jpg,./imgs/fruits.jpg
./imgs/monarch.jpg,./imgs/fruits.png
./imgs/monarch.jpg,./imgs/frymire.bmp
./imgs/monarch.jpg,./imgs/frymire.gif
./imgs/monarch.jpg,./imgs/frymire.jpg
./imgs/monarch.jpg,./imgs/frymire.png
./imgs/monarch.jpg,./imgs/girl.bmp
./imgs/monarch.jpg,./imgs/girl.gif
./imgs/monarch.jpg,./imgs/girl.jpg
./imgs/monarch.jpg,./imgs/girl.png
./imgs/monarch.jpg,./imgs/goldhill.bmp
./imgs/monarch.jpg,./imgs/goldhill.gif
./imgs/monarch.jpg,./imgs/goldhill.jpg
./imgs/monarch.jpg,./imgs/goldhill.png
./imgs/monarch.jpg,./imgs/lena.bmp
./imgs/monarch.jpg,./imgs/lena.gif
./imgs/monarch.jpg,./imgs/lena.jpg
./imgs/monarch.jpg,./imgs/lena.png
./imgs/monarch.jpg,./imgs/monarch.bmp
./imgs/monarch.jpg,./imgs/monarch.gif
./imgs/monarch.jpg,./imgs/monarch.png
./imgs/monarch.jpg,./imgs/peppers.bmp
./imgs/monarch.jpg,./imgs/peppers.gif
./imgs/monarch.jpg,./imgs/peppers.jpg
./imgs/monarch.jpg,./imgs/peppers.png
./imgs/monarch.png,./imgs/airplane.bmp
./imgs/monarch.png,./imgs/airplane.gif
./imgs/monarch.png,./imgs/airplane.jpg
./imgs/monarch.png,./imgs/airplane.png
./imgs/monarch.png,./imgs/arctichare.bmp
./imgs/monarch.png,./imgs/arctichare.gif
./imgs/monarch.png,./imgs/arctichare.jpg
./imgs/monarch.png,./imgs/arctichare.png
./imgs/monarch.png,./imgs/baboon.bmp
./imgs/monarch.png,./imgs/baboon.gif
./imgs/monarch.png,./imgs/baboon.jpg
./imgs/monarch.png,./imgs/baboon.png
./imgs/monarch.png,./imgs/boat.bmp
./imgs/monarch.png,./imgs/boat.gif
./imgs/monarch.png,./imgs/boat.jpg
./imgs/monarch.png,./imgs/boat.png
./imgs/monarch.png,./imgs/cat.bmp
./imgs/monarch.png,./imgs/cat.gif
./imgs/monarch.png,./imgs/cat.jpg
./imgs/monarch.png,./imgs/cat.png
./imgs/monarch.png,./imgs/fruits.bmp
./imgs/monarch.png,./imgs/fruits.gif
./imgs/monarch.png,./imgs/fruits.jpg
./imgs/monarch.png,./imgs/fruits.png
./imgs/monarch.png,./imgs/frymire.bmp
./imgs/monarch.png,./imgs/frymire.gif
./imgs/monarch.png,./imgs/frymire.jpg
./imgs/monarch.png,./imgs/frymire.png
./imgs/monarch.png,./imgs/girl.bmp
./imgs/monarch.png,./imgs/girl.gif
./imgs/monarch.png,./imgs/girl.jpg
./imgs/monarch.png,./imgs/girl.png
./imgs/monarch.png,./imgs/goldhill.bmp
./imgs/monarch.png,./imgs/goldhill.gif
./imgs/monarch.png,./imgs/goldhill.jpg
./imgs/monarch.png,./imgs/goldhill.png
./imgs/monarch.png,./imgs/lena.bmp
./imgs/monarch.png,./imgs/lena.gif
./imgs/monarch.png,./imgs/lena.jpg
./imgs/monarch.png,./imgs/lena.png
./imgs/monarch.png,./imgs/monarch.bmp
./imgs/monarch.png,./imgs/monarch.gif
./imgs/monarch.png,./imgs/monarch.jpg
./imgs/monarch.png,./imgs/peppers.bmp
./imgs/monarch.png,./imgs/peppers.gif
./imgs/monarch.png,./imgs/peppers.jpg
./imgs/monarch.png,./imgs/peppers.png
./imgs/peppers.bmp,./imgs/airplane.bmp
./imgs/peppers.bmp,./imgs/airplane.gif
./imgs/peppers.bmp,./imgs/airplane.jpg
./imgs/peppers.bmp,./imgs/airplane.png
./imgs/peppers.bmp,./imgs/arctichare.bmp
./imgs/peppers.bmp,./imgs/arctichare.gif
./imgs/peppers.bmp,./imgs/arctichare.jpg
./imgs/peppers.bmp,./imgs/arctichare.png
./imgs/peppers.bmp,./imgs/baboon.bmp
./imgs/peppers.bmp,./imgs/baboon.gif
./imgs/peppers.bmp,./imgs/baboon.jpg
./imgs/peppers.bmp,./imgs/baboon.png
./imgs/peppers.bmp,./imgs/boat.bmp
./imgs/peppers.bmp,./imgs/boat.gif
./imgs/peppers.bmp,./imgs/boat.jpg
./imgs/peppers.bmp,./imgs/boat.png
./imgs/peppers.bmp,./imgs/cat.bmp
./imgs/peppers.bmp,./imgs/cat.gif
./imgs/peppers.bmp,./imgs/cat.jpg
./imgs/peppers.bmp,./imgs/cat.png
./imgs/peppers.bmp,./imgs/fruits.bmp
./imgs/peppers.bmp,./imgs/fruits.gif
./imgs/peppers.bmp,./imgs/fruits.jpg
./imgs/peppers.bmp,./imgs/fruits.png
./imgs/peppers.bmp,./imgs/frymire.bmp
./imgs/peppers.bmp,./imgs/frymire.gif
./imgs/peppers.bmp,./imgs/frymire.jpg
./imgs/peppers.bmp,./imgs/frymire.png
./imgs/peppers.bmp,./imgs/girl.bmp
./imgs/peppers.bmp,./imgs/girl.gif
./imgs/peppers.bmp,./imgs/girl.jpg
./imgs/peppers.bmp,./imgs/girl.png
./imgs/peppers.bmp,./imgs/goldhill.bmp
./imgs/peppers.bmp,./imgs/goldhill.gif
./imgs/peppers.bmp,./imgs/goldhill.jpg
./imgs/peppers.bmp,./imgs/goldhill.png
./imgs/peppers.bmp,./imgs/lena.bmp
./imgs/peppers.bmp,./imgs/lena.gif
./imgs/peppers.bmp,./imgs/lena.jpg
./imgs/peppers.bmp,./imgs/lena.png
./imgs/peppers.bmp,./imgs/monarch.bmp
./imgs/peppers.bmp,./imgs/monarch.gif
./imgs/peppers.bmp,./imgs/monarch.jpg
./imgs/peppers.bmp,./imgs/monarch.png
./imgs/peppers.bmp,./imgs/peppers.gif
./imgs/peppers.bmp,./imgs/peppers.jpg
./imgs/peppers.bmp,./imgs/peppers.png
./imgs/peppers.gif,./imgs/airplane.bmp
./imgs/peppers.gif,./imgs/airplane.gif
./imgs/peppers.gif,./imgs/airplane.jpg
./imgs/peppers.gif,./imgs/airplane.png
./imgs/peppers.gif,./imgs/arctichare.bmp
./imgs/peppers.gif,./imgs/arctichare.gif
./imgs/peppers.gif,./imgs/arctichare.jpg
./imgs/peppers.gif,./imgs/arctichare.png
./imgs/peppers.gif,./imgs/baboon.bmp
./imgs/peppers.gif,./imgs/baboon.gif
./imgs/peppers.gif,./imgs/baboon.jpg
./imgs/peppers.gif,./imgs/baboon.png
./imgs/peppers.gif,./imgs/boat.bmp
./imgs/peppers.gif,./imgs/boat.gif
./imgs/peppers.gif,./imgs/boat.jpg
./imgs/peppers.gif,./imgs/boat.png
./imgs/peppers.gif,./imgs/cat.bmp
./imgs/peppers.gif,./imgs/cat.gif
./imgs/peppers.gif,./imgs/cat.jpg
./imgs/peppers.gif,./imgs/cat.png
./imgs/peppers.gif,./imgs/fruits.bmp
./imgs/peppers.gif,./imgs/fruits.gif
./imgs/peppers.gif,./imgs/fruits.jpg
./imgs/peppers.gif,./imgs/fruits.png
./imgs/peppers.gif,./imgs/frymire.bmp
./imgs/peppers.gif,./imgs/frymire.gif
./imgs/peppers.gif,./imgs/frymire.jpg
./imgs/peppers.gif,./imgs/frymire.png
./imgs/peppers.gif,./imgs/girl.bmp
./imgs/peppers.gif,./imgs/girl.gif
./imgs/peppers.gif,./imgs/girl.jpg
./imgs/peppers.gif,./imgs/girl.png
./imgs/peppers.gif,./imgs/goldhill.bmp
./imgs/peppers.gif,./imgs/goldhill.gif
./imgs/peppers.gif,./imgs/goldhill.jpg
./imgs/peppers.gif,./imgs/goldhill.png
./imgs/peppers.gif,./imgs/lena.bmp
./imgs/peppers.gif,./imgs/lena.gif
./imgs/peppers.gif,./imgs/lena.jpg
./imgs/peppers.gif,./imgs/lena.png
./imgs/peppers.gif,./imgs/monarch.bmp
./imgs/peppers.gif,./imgs/monarch.gif
./imgs/peppers.gif,./imgs/monarch.jpg
./imgs/peppers.gif,./imgs/monarch.png
./imgs/peppers.gif,./imgs/peppers.bmp
./imgs/peppers.gif,./imgs/peppers.jpg
./imgs/peppers.gif,./imgs/peppers.png
./imgs/peppers.jpg,./imgs/airplane.bmp
./imgs/peppers.jpg,./imgs/airplane.gif
./imgs/peppers.jpg,./imgs/airplane.jpg
./imgs/peppers.jpg,./imgs/airplane.png
./imgs/peppers.jpg,./imgs/arctichare.bmp
./imgs/peppers.jpg,./imgs/arctichare.gif
./imgs/peppers.jpg,./imgs/arctichare.jpg
./imgs/peppers.jpg,./imgs/arctichare.png
./imgs/peppers.jpg,./imgs/baboon.bmp
./imgs/peppers.jpg,./imgs/baboon.gif
./imgs/peppers.jpg,./imgs/baboon.jpg
./imgs/peppers.jpg,./imgs/baboon.png
./imgs/peppers.jpg,./imgs/boat.bmp
./imgs/peppers.jpg,./imgs/boat.gif
./imgs/peppers.jpg,./imgs/boat.jpg
./imgs/peppers.jpg,./imgs/boat.png
./imgs/peppers.jpg,./imgs/cat.bmp
./imgs/peppers.jpg,./imgs/cat.gif
./imgs/peppers.jpg,./imgs/cat.jpg
./imgs/peppers.jpg,./imgs/cat.png
./imgs/peppers.jpg,./imgs/fruits.bmp
./imgs/peppers.jpg,./imgs/fruits.gif
./imgs/peppers.jpg,./imgs/fruits.jpg
./imgs/peppers.jpg,./imgs/fruits.png
./imgs/peppers.jpg,./imgs/frymire.bmp
./imgs/peppers.jpg,./imgs/frymire.gif
./imgs/peppers.jpg,./imgs/frymire.jpg
./imgs/peppers.jpg,./imgs/frymire.png
./imgs/peppers.jpg,./imgs/girl.bmp
./imgs/peppers.jpg,./imgs/girl.gif
./imgs/peppers.jpg,./imgs/girl.jpg
./imgs/peppers.jpg,./imgs/girl.png
./imgs/peppers.jpg,./imgs/goldhill.bmp
./imgs/peppers.jpg,./imgs/goldhill.gif
./imgs/peppers.jpg,./imgs/goldhill.jpg
./imgs/peppers.jpg,./imgs/goldhill.png
./imgs/peppers.jpg,./imgs/lena.bmp
./imgs/peppers.jpg,./imgs/lena.gif
./imgs/peppers.jpg,./imgs/lena.jpg
./imgs/peppers.jpg,./imgs/lena.png
./imgs/peppers.jpg,./imgs/monarch.bmp
./imgs/peppers.jpg,./imgs/monarch.gif
./imgs/peppers.jpg,./imgs/monarch.jpg
./imgs/peppers.jpg,./imgs/monarch.png
./imgs/peppers.jpg,./imgs/peppers.bmp
./imgs/peppers.jpg,./imgs/peppers.gif
./imgs/peppers.jpg,./imgs/peppers.png
./imgs/peppers.png,./imgs/airplane.bmp
./imgs/peppers.png,./imgs/airplane.gif
./imgs/peppers.png,./imgs/airplane.jpg
./imgs/peppers.png,./imgs/airplane.png
./imgs/peppers.png,./imgs/arctichare.bmp
./imgs/peppers.png,./imgs/arctichare.gif
./imgs/peppers.png,./imgs/arctichare.jpg
./imgs/peppers.png,./imgs/arctichare.png
./imgs/peppers.png,./imgs/baboon.bmp
./imgs/peppers.png,./imgs/baboon.gif
./imgs/peppers.png,./imgs/baboon.jpg
./imgs/peppers.png,./imgs/baboon.png
./imgs/peppers.png,./imgs/boat.bmp
./imgs/peppers.png,./imgs/boat.gif
./imgs/peppers.png,./imgs/boat.jpg
./imgs/peppers.png,./imgs/boat.png
./imgs/peppers.png,./imgs/cat.bmp
./imgs/peppers.png,./imgs/cat.gif
./imgs/peppers.png,./imgs/cat.jpg
./imgs/peppers.png,./imgs/cat.png
./imgs/peppers.png,./imgs/fruits.bmp
./imgs/peppers.png,./imgs/fruits.gif
./imgs/peppers.png,./imgs/fruits.jpg
./imgs/peppers.png,./imgs/fruits.png
./imgs/peppers.png,./imgs/frymire.bmp
./imgs/peppers.png,./imgs/frymire.gif
./imgs/peppers.png,./imgs/frymire.jpg
./imgs/peppers.png,./imgs/frymire.png
./imgs/peppers.png,./imgs/girl.bmp
./imgs/peppers.png,./imgs/girl.gif
./imgs/peppers.png,./imgs/girl.jpg
./imgs/peppers.png,./imgs/girl.png
./imgs/peppers.png,./imgs/goldhill.bmp
./imgs/peppers.png,./imgs/goldhill.gif
./imgs/peppers.png,./imgs/goldhill.jpg
./imgs/peppers.png,./imgs/goldhill.png
./imgs/peppers.png,./imgs/lena.bmp
./imgs/peppers.png,./imgs/lena.gif
./imgs/peppers.png,./imgs/lena.jpg
./imgs/peppers.png,./imgs/lena.png
./imgs/peppers.png,./imgs/monarch.bmp
./imgs/peppers.png,./imgs/monarch.gif
./imgs/peppers.png,./imgs/monarch.jpg
./imgs/peppers.png,./imgs/monarch.png
./imgs/peppers.png,./imgs/peppers.bmp
./imgs/peppers.png,./imgs/peppers.gif
./imgs/peppers.png,./imgs/peppers.jpg
